x,y,z,classification
77.39560485559633,21.81491845610315,21.62185160001385,2
43.88784397520523,66.29277005606187,21.33713284424011,3
85.85979199113825,76.68615203028132,6.080850932499726,6
69.73680290593639,16.663614302847442,1.0996618550471138,1
9.417734788764953,4.385828341791598,9.113985654212078,1
97.5622351636756,43.958737530133874,4.714089145768524,2
76.1139701990353,77.40240859924371,11.873654376470821,4
78.60643052769538,65.07798355741427,29.38038357457813,5
12.811363267554587,70.18817204145913,5.432141127156629,4
45.038593789556714,40.28393399933684,9.566218302689068,3
37.07980242325812,23.494554525306988,21.75342948958717,6
92.67649888486018,53.17788432846095,15.275483485857649,2
64.38651200806646,20.43656937491969,1.3178443072015478,6
82.276161327083,72.62286969850658,4.8507005448396505,2
44.34141988273311,19.696645595947704,28.05748664319588,2
22.723872178477688,29.126326671434143,3.094949782170854,6
55.45847870158348,50.654477832300536,19.052783616291173,4
6.381725610417533,48.670993414349496,23.769769465227345,3
82.7631171992582,60.08493764070294,7.9631718817477175,2
63.166439912206485,43.744460049991694,21.7523400941607,3
75.80877400853738,91.94733085100914,5.096855370905407,5
35.45259681298683,83.99340941971883,8.54250824501371,1
97.06980243949033,87.91134512366384,9.354660926526224,2
89.31211213221977,62.951657140343755,29.893049716926708,2
77.83834970737618,63.50079158608064,6.437168856538719,3
19.463870785196757,60.919868371594866,3.8762239390075504,5
46.67210037270342,43.48841544214562,27.770743124442312,2
4.380376578722878,32.21060010672626,4.857920814610583,5
15.428949206754783,59.20028874488703,26.37839758888216,6
68.30489532424546,2.553183713845031,19.5136988294007,3
74.47621559078172,0.7456431423803034,17.305844942115563,6
96.750973243421,85.16418262967485,22.540161346397305,6
32.58253581381519,4.642404477762218,21.7799687144415,5
37.045970603486886,52.479515033341805,3.3157856825494116,3
46.95558112758079,61.49877629496451,29.98398331220067,2
18.94713590842857,19.81712296224356,28.256691793461858,6
12.992150533547164,89.57308382651483,26.89775888585749,3
47.57049262259338,19.0095771748375,18.668674018272206,1
22.69093490508841,88.45149873666746,15.683739939969424,5
66.98139946825104,76.29902693330351,16.08835751645005,3
43.715191887233075,24.074295352419394,0.4481083268469732,6
83.26781960578374,15.074416627609356,14.984085058363288,6
70.0265102002249,31.623271018623512,18.713087029797595,1
31.236664138204105,39.79505662702747,19.761186263248455,6
83.2259801395201,24.578467649892342,9.96418395153939,6
80.47643574968019,99.88915487544232,14.138470508806485,5
38.74783790301745,22.965233623958103,19.089318199877233,2
28.83281039302441,83.0634826982857,12.84916530825545,5
68.24955039749754,15.911774709047277,28.864055969505756,6
13.97524836093098,98.02446252759475,21.163263295560007,5
19.990820247510833,22.552345828308486,0.03821238752671485,3
0.7362269751005512,42.16885547835923,0.6983844444675902,5
78.69243775021384,55.85640667679065,20.70900610405123,3
66.48508565920321,12.028571515609332,12.379352926365081,2
70.51653786263351,81.68200674791012,25.184128476367988,5
78.07290310219679,27.468553268082985,5.190462284587861,3
45.891577553834,54.926990160166376,0.41480742156875583,2
56.87411959528937,54.96338106932469,11.642470503411369,4
13.979699812765745,60.2640652325785,22.08192312922347,2
11.453007353597345,5.548598652431469,29.151832001327058,4
66.84029617904716,16.861876183156788,26.509616380531664,3
47.10962061431325,16.11922429233642,14.522238358114166,6
56.52361064811888,30.205125941585187,24.384518495890998,6
76.49988574160255,14.491415685833985,2.1099137360284215,3
63.47183200005908,92.19213207742897,17.1681704275465,5
55.35794006579958,51.29544505113007,27.728952390434102,2
55.92071607454135,62.35751477026844,11.891554424722198,6
30.39500980626122,35.74881753981208,28.80301888989347,2
3.0817834567939406,27.624614103391153,6.620552901873159,6
43.671738923236234,50.3177170232213,3.1690142860018056,6
21.45846728195292,29.43229748348336,15.742870082451033,2
40.852864372463614,34.36459257297643,27.21740615943673,1
85.34030732681661,45.275087427085715,9.338376562342326,5
23.393948586534073,50.57336871843555,24.004809581968573,6
5.830274168906602,98.43140117818388,5.075917976408428,5
28.138389202199654,22.33225881619405,22.367111880028187,1
29.35937577666836,48.797616488264715,16.71080824162293,4
66.1916514726895,14.951173948933894,5.250509261831167,3
55.70321523412783,34.99992327079726,21.542617483128257,6
78.38982091064135,71.73107187064043,21.41268340369282,5
66.43135403273875,17.446214376057455,15.46305687430321,5
40.63868614400705,58.13513075500432,6.764029129280239,3
81.40203846660347,41.67010235680072,3.9688167673498964,2
16.697291990770392,5.157954440447298,28.71765145379368,5
2.2712073133860478,93.30752414784446,19.674376147774655,1
9.004786077564175,41.36031402928864,24.27724450720152,1
72.23593505964503,78.39265357511663,20.909115871507247,1
46.18772302513874,41.63134887318003,24.884209955768668,4
16.127177903360177,93.73603215787845,4.874724592467703,1
50.10447751033635,29.04703344288975,14.908506736411333,4
15.231210271316842,41.223064968769684,20.0137431150688,2
69.6320375077736,75.88642402592863,3.101696996856539,6
44.61562755740307,34.366731528085694,4.498708479852249,3
38.10212260964825,36.43570713351794,19.019477827528394,1
30.151208914787652,99.48231734142234,26.061174127614603,5
63.028259311888846,55.5614525690352,19.81248536824793,3
36.18126105533904,68.93804536701481,1.0861444036822687,2
8.7649919316101,64.34622341536098,29.11298751270969,4
11.800590212051532,82.79241471565723,4.185207027187352,6
96.18976645495145,86.1825099441743,6.976867006574691,6
90.8580690707607,56.32561324703096,29.249018457141727,3
69.97071338107496,29.455607496639935,23.130989899601246,6
26.586996145951957,2.2800247574969457,28.0973004113552,2
96.91763773477238,61.44032510643201,24.198590784240892,6
77.87509039657947,82.54688332656195,19.552034250096,6
71.68901891589957,45.05398055116595,8.53658996589018,4
44.93615021437887,16.47061404908643,9.806443250985762,4
27.224156184515902,28.80820729356409,28.418132191331093,4
9.63909621534993,50.998892951186455,25.818768484669338,1
90.26023965438416,83.66812189776665,10.784713453269795,6
45.57762898336111,17.17531460684206,11.198022528621115,5
20.236336479523032,61.214987570951415,8.930831708276543,6
30.59566241506525,75.33686139505454,9.783904278750118,1
57.9219568941896,93.60475203348231,25.82002398866357,5
17.67727829392317,11.67036916788594,0.3152056976954054,3
85.66142840923754,92.63916341645574,13.08157863328574,5
75.85195298352102,60.14675351744795,28.285190355837237,6
71.94629559509367,76.6701587432286,16.279090655484264,6
43.20930397751037,5.377470956855546,13.513373704317106,6
62.73088407024432,50.61481556405951,9.371094140987642,1
58.40979689127356,62.262967408079376,2.217378895857115,2
64.984660155482,30.683383987284017,6.734594340825386,2
8.44443211398891,43.16502081012526,2.713752298106138,4
41.58074021706096,55.4298135279598,3.8009828914628474,6
4.161417386189248,55.254793977297986,4.905496323788094,5
49.39908192445189,4.186152540683807,9.060882962528353,4
32.98612123327853,43.948176657889235,0.33050039986606383,5
14.45241888660469,21.381815479223086,28.50431656779743,2
10.340296772255165,91.66950780853497,3.7145727803092363,4
58.7644572177712,97.6579990123334,11.49446617078761,4
17.05929685368861,29.96468963520691,26.385826791443417,2
92.51201183767972,17.518539725105875,3.1970391057228675,4
58.106113970039495,21.95041509483431,14.508127552623623,6
34.686980453483706,47.77522553529538,25.343507926241873,5
59.091549148141674,87.45055991131784,16.708878721024202,6
2.28038710296975,50.00362149376396,6.3103078626828015,5
95.85592132414453,5.539206171529765,22.06528594237744,3
48.23034369429002,3.988560271314401,20.440231886025234,1
78.27352272502863,22.739094562284855,10.86557719640773,6
8.272999992243857,84.27712776094289,1.3888548474412543,3
48.66583308381603,62.1480557535144,0.23594069688281705,4
49.07069943545209,56.29578537862915,24.761786493815148,1
93.78264549749828,31.89695925826421,9.646720846772057,6
57.17280523760754,92.94254050461873,4.133096958177138,6
47.348940105695384,33.117824496213245,15.556536784889463,6
26.69756630918936,83.49444126529467,27.6249988717527,2
33.15689973425522,89.59035179758841,0.2544259356719314,6
52.06724024715378,48.33350132161367,1.6843062202924342,4
43.89114603050467,89.42892694807426,12.511347977552171,1
2.1612079880330426,27.68032873910471,20.2789772026519,4
82.62919241943578,65.84334261832758,14.283013763011507,3
89.61607718397667,8.796374852438626,26.92645315396214,4
14.024908899861078,47.39342140923939,1.3225366661243443,1
55.40361435390494,21.733180215834793,10.204226089312307,4
10.857574113544356,6.276327793060288,10.540436681661623,5
67.22400930398116,0.37255080776207317,10.203816779590252,5
28.123378383900832,32.47521164408084,14.630577363701718,5
65.94226346919018,58.95305945367628,23.717311355838316,4
72.69946142868827,45.52303476511573,9.53647849208452,5
76.8647491917657,30.17692985194961,22.33449619896608,1
10.774094595589656,99.12000307762511,4.393964138372142,5
91.60118451376078,93.95250399796778,16.821745669018508,3
23.02139908948808,12.565330683749687,11.252640769966353,4
3.741255617617978,41.510742666849474,16.176324068867117,4
55.48524693914834,64.88469339936108,3.232492511167483,6
37.092228386243875,73.34907975299367,28.603885402827256,2
82.97897431324131,36.63721549094904,27.186423504053337,3
80.82514720643019,74.62818127353476,24.791889128718868,5
31.713889282271534,12.415001291067828,26.783484701641555,4
95.28993950697449,33.18126252577047,4.400636105444583,2
29.091783814011862,71.6433175755905,15.111653190589978,3
51.50571292317145,62.56827902603751,9.5372747626957,5
25.596509056760276,83.7210214861655,26.62157823912476,6
93.60435700489633,4.6857022667155075,5.683130474983994,1
16.460781758201815,17.439171782304854,6.59836065425917,3
4.491061939232899,4.849458227196646,20.601433690650325,5
43.509706000303794,19.211422424921132,2.6669897726300453,1
99.2375564055837,0.4282810632935008,21.971015307499194,2
89.1677266254914,50.42103016788663,8.04381864942367,1
74.86080194569492,52.83143955682554,19.828060958014422,4
89.07924908785249,65.78917814059947,26.191133590819813,3
89.34466396978632,38.49124472010435,18.288341197049718,2
51.885836038644904,0.3207690685184006,6.380511998583271,1
31.5929051830793,67.38911544076372,1.474965766176498,4
77.2012432110988,5.429108774791258,1.338419150851976,5
66.16612631677611,86.6170430817744,2.6643564604202377,2
37.36577288737101,2.265398770793736,17.394537374091477,4
9.446666806151526,53.04751232566325,10.446535621219535,5
74.6789611349026,89.49178823855208,7.293209321876945,4
26.246051592286467,57.24895757887801,6.579196733915737,4
93.68131505337793,60.841674654392996,28.457445957092972,2
24.097057500568475,68.16108483374057,3.564497276762232,6
12.275793241148602,12.240884773046702,9.144432323179641,6
83.11126721249062,67.49271008105595,14.144317860575795,5
15.328431662449404,88.03548820128152,0.01348578222766239,6
17.926830815773908,97.42208328353165,27.628595624271735,4
59.93827915208435,44.30519993583471,2.9729577228031157,4
87.45620408374644,34.450485167754685,20.474118020585173,5
19.643466571457324,75.3309615596317,18.86596431487465,1
31.03236729000948,54.287428809531455,24.271915653142116,2
77.74048382411776,25.730465445503047,19.541631916864574,2
97.18264260609673,17.215788496970298,23.081622516479385,4
50.07411862023423,17.02303005927437,12.637458263655827,2
14.389750255125078,45.9177036606152,14.661134836548698,3
1.3936287708201545,17.01244056156501,21.04986306493258,3
22.965602999885526,1.9718944011485773,17.052801631651533,5
13.182221778652103,5.208877496969,15.346156508001597,4
67.76586736128574,92.98845439529657,6.16675218163648,1
12.183250462853113,7.296134116013575,7.743247824191261,5
50.6329931620633,7.318069058095955,10.754917231781805,3
69.42624356428865,45.11884455335324,0.2785315627050955,1
58.11166092209024,24.510028233503256,12.520903487407109,4
19.97756516600576,96.26938521724978,0.08305427291738443,2
80.41245261822627,91.09858394978042,16.9504630776401,3
71.54071296158017,40.47432486712671,21.12086306917047,6
73.89840039155418,44.87315194162592,16.86445894845379,2
13.105775155731326,37.51136530755702,20.80559919614628,6
12.375380365034461,3.7866116643128223,0.00039505668622430434,3
92.75625510065076,29.284683925470866,1.7832591985292867,6
39.75781938249406,12.267346961198411,20.95387322626666,6
30.094869178093976,10.237033001512275,24.08700443870312,5
48.85840453515333,56.086157293638784,21.531047126681834,2
66.28642127635824,9.876485771356226,19.890367276606547,5
95.56232570469699,10.293132379526359,21.2214799143468,3
28.6446226882055,48.05137148193486,22.187697773884974,6
92.48084293120272,44.22823651226388,21.731324951027077,6
2.4859491386256316,13.763478513236937,22.140254330650194,4
55.51980423268247,0.4449024808863,2.2205912224554245,6
63.39751116810851,19.297444176784385,1.8981465448387413,4
10.58974037507533,23.589225418204073,10.833598296883169,1
14.033959706391263,80.02484436088676,15.827901436463868,6
41.91143193163038,91.5438350527215,22.87857161765183,4
96.62319121431817,40.59443974879697,10.041234563730375,1
59.604255323437286,40.50267265009778,8.253512299009046,1
93.30232216002112,71.24812837598668,23.443449243555886,5
80.43609156129708,62.692201570468896,7.48010554361985,6
46.73816015552915,18.414018669340916,24.6252413044339,5
78.47634492521874,10.768912229586135,5.314006491601157,3
1.7836783976987736,43.76118906550508,10.784205686174303,2
10.914399676573494,56.4828363162763,12.032268282791708,3
82.94286148827364,13.870760315880926,8.985313419229286,2
79.68170883251618,29.327349340844457,0.10070741661037941,2
23.26407419664337,30.59429964305749,7.065277734637436,1
53.07695905990535,26.129820102416403,10.129606766366212,4
60.60158207000109,46.0761266291791,9.408746835799883,2
86.77389537760112,65.30635843197385,23.566664894316215,1
60.31071573387257,50.938988361599236,1.4210328760941904,2
41.25715692736803,20.14565622473442,11.668460989657222,5
37.41840434071827,10.293904704739976,1.1254636673832374,4
42.58820863735099,82.18704628987004,27.91942698387028,3
65.19310255799742,47.93046827177857,23.70628311093289,4
86.7490631752325,6.21391841338772,29.464847977140405,4
45.38968820762997,25.8121499649558,27.304815950880556,3
24.783956295135813,80.40337783841548,9.474383163482532,6
23.666236299758115,75.172632477355,20.74750236991741,5
74.60142802434464,87.58166328973778,9.196622624352251,2
81.65687634239104,60.20878260016921,26.64633563788872,5
10.527807985412496,42.290593435805505,12.322586099020242,2
6.655885695517815,42.663499755445066,11.276626257126964,1
59.443366375645176,19.40000444929437,27.422062327000003,3
14.617324419269828,65.07989615178819,25.10220862859563,3
82.46641904563413,58.5068756092854,28.992406600929048,5
31.033467392407445,15.486441142883589,1.9946425672334056,5
14.387193297114266,88.56629200453749,7.300166341165797,1
92.09704724874503,36.8468203310597,9.02573243601137,3
16.553172273527817,4.973876552106848,12.730561828642863,5
28.472008233793556,32.78809207797838,14.193901378456081,5
15.361339519205863,86.98567147115757,8.74417284200214,4
11.549006366535497,91.69565858617845,23.713512694350854,4
2.1148016336440034,49.03984172596335,6.697324334551694,4
5.539540916426011,95.6339940073418,20.89551939897339,2
17.464147093585268,87.5241809211976,25.55304946776292,4
5.338193262717539,82.52307170992253,18.11094717478759,5
59.11438161109712,85.9710064682206,10.624767776784624,1
68.07145267995064,38.18754121688235,5.63673726589954,5
39.36304568320283,75.64689407555436,4.03038583211088,2
31.79910969520494,57.733900307614924,22.32524217447185,1
50.45262370222301,71.96840017403066,14.073959927505479,5
87.50049422346086,17.778610758077463,1.389586535021029,3
85.1131626822206,73.13939117749419,29.515185208278606,3
4.347506201279194,95.75924341941717,20.139095489669703,4
18.14984095965241,30.266332238142958,25.325476542809316,4
23.6744871104396,98.6161323955627,13.145660139510344,4
24.938757583221182,37.83760148053711,28.663158624240747,6
57.12326517427727,19.972349702103287,5.985750627723818,4
41.62624257031923,11.22862298002384,5.554083688164483,1
4.925411992759399,78.49619132881777,26.710042043110764,2
37.36141384595716,55.48254003765683,26.751511920171843,3
52.37529487176372,30.713129366202885,14.970584564971265,3
10.167190290371597,60.84503697937579,3.773590660619359,3
83.34585537885597,33.21011878410047,9.156493746098157,2
5.196186646510426,44.835775732845875,22.62457014103403,1
92.48418690180621,86.26641257530912,25.3797572400391,1
9.91131415798755,66.81664768591648,10.429642432344512,6
84.35749515977527,76.24018397047165,1.837010454506035,3
90.26531439276171,58.34935514695763,19.97180044718342,6
97.95706805865927,99.1398048885621,22.184911243148807,3
80.20258802735935,24.14100662908927,12.720440275910777,2
77.94775407713288,26.229116071881474,17.49292834853608,3
64.24832759955477,9.255893873833287,29.621144925722497,6
77.8996354578129,55.401950207071046,7.349957980789782,4
13.455220841314707,61.33592364083679,17.189330813977527,1
53.60680359476373,72.59615728988197,18.328812406879276,2
51.42228701904145,33.5445925949261,16.473215880733893,6
85.75721441225575,1.22568018650272,26.073886738313874,1
46.27993655935158,63.222953708831994,18.150225957663494,6
38.508949610035344,99.86954925203827,15.2367006717387,6
63.95632712371101,29.45493537899925,3.6904507998351943,2
26.646331750084606,18.393445246901972,21.096275978802765,4
13.976841095395686,28.17669578263532,3.963220844841011,4
47.78772740237458,42.541547477704725,0.7970968009267099,5
41.6889368594885,25.091292895256466,14.655934891903867,5
23.25699405288737,34.69600253675299,17.17335816443197,1
36.7511810115128,63.820673857936264,29.9716218412164,2
36.63924498262474,34.50279868426147,21.369803833658594,6
32.74955644125455,39.605894478365464,25.45770960682732,3
37.946407972692896,4.003126279926395,10.391641170922659,2
68.57433454559454,91.79425016228697,15.267440477399026,4
29.68764745712853,40.688595991485364,29.228069719855668,2
94.88579267153405,32.81435160347943,12.521656564283287,1
91.63480195381779,8.64841962453845,24.218712744071517,5
48.09104283000786,63.41832153951836,15.779673532334883,1
32.83612050046888,86.3824950263755,6.718855545901922,6
53.54347898300031,4.115320005240031,17.412559116326484,2
84.85604887736245,14.52724673660355,6.541860851109646,1
65.2587340560102,14.638982888620733,0.09080969627223379,5
80.43918279470775,60.22748553477929,7.076880464200298,2
53.27222760657402,92.12305027183689,5.794314970652711,3
63.291762926762075,43.77683670655096,11.127635315983012,3
28.815561418246173,34.38064481938506,26.657907114278643,4
73.48931623102908,76.58406855966913,11.635592207960276,3
20.240459312571836,74.25690617556513,25.35562882472973,2
69.47981288184982,24.675613927720963,16.66839060394744,2
86.0719068325894,16.082636230788605,0.2284411266770081,2
13.210283730154393,35.781003241535636,5.662101387096454,1
61.43797405419198,77.56033922266312,27.93834135624109,4
9.50957482299346,69.50633899149783,18.125203385931556,3
72.57156282714269,66.58537063562052,27.88640575716822,1
8.449321882352024,82.94285601632039,9.303600609103587,2
93.5939822700626,27.713031234139372,21.496871348482284,5
13.740793003780215,33.96837254695101,23.160754796917796,2
95.88802459090803,4.233945060917598,29.270988082087662,3
80.08841760850967,86.87457758035335,0.545294495068821,5
59.36820044663541,58.24297349221781,28.567116453697388,5
78.26241046295469,29.812229188369333,11.747706528124954,5
79.51148389830858,6.941653144936555,25.13977217234601,3
94.60270628173303,72.34095031624597,16.341387546632518,3
25.338335383918718,74.87375195490611,16.939486291000964,6
59.00758953583092,66.61786521150226,10.781336645593504,6
9.504919756440122,20.378097094672952,24.854177711345926,1
61.61657000241213,91.3216058508605,7.920407125135002,6
17.12913040927888,75.31580190208763,14.767241585358194,6
56.495061147244186,65.77563235839703,16.80523496302426,6
57.24305140338497,65.09439234217875,22.275632802824653,2
46.598515298122734,90.43577000916412,14.149060111246111,4
52.26317755131228,92.83071330971238,20.408486965184814,1
76.3923390006588,59.563741801023994,14.558822890439261,1
79.92447165120666,41.66694109625484,19.77961910875784,4
49.215321557542914,36.37339795594162,20.224304286244447,2
59.95934415226123,81.90788410807225,21.283246815877312,2
93.12362356901018,64.46053398343335,24.698993815809782,2
11.97335885011228,7.726603025365364,16.22167682879752,3
11.71035659001105,14.21860130150272,5.798344916096799,1
8.770901191076842,90.01858951048463,20.389225248571663,5
65.78632850405278,88.44981481045009,2.313542504764856,5
41.860830079037946,95.18324486974689,6.568650673835521,5
77.43214161418433,42.78509673283237,23.764725859943976,6
67.12314133085926,78.40609076407071,13.05210432990198,4
33.36377583282382,82.82250273143215,14.941325029536511,3
89.83665473615358,31.56969058381931,29.621907554505903,6
76.25321470706523,14.533771122714223,7.055174575467538,4
27.053494091017573,99.70263616391729,0.5865824860780366,3
36.4192017772054,3.02192037513499,3.3411782855353236,3
31.44399802042629,59.7335918711443,7.335055789824888,1
15.761164862499966,65.0212274181709,21.777600731894076,6
14.778337254219165,68.17893419696483,23.27466095954286,5
93.61274633757441,25.56277439690897,16.964668620423414,5
43.79040371987533,72.15792442988509,7.651391960944841,2
38.331982277740984,21.63995632812655,15.652256835804709,6
72.9685708677378,82.90382557516824,0.44872667801802657,2
55.29930652528999,21.911667408463455,20.454028282253887,2
93.61399868384622,69.67060290760774,18.428926662275035,1
78.03014939093921,78.34134858339759,0.6538961814463073,2
47.93695641245404,18.894575046218876,24.51034900898387,2
37.635947348082624,23.798648763260278,22.902796054863654,5
98.6631544924322,77.91037387343668,9.246712367049394,2
71.77602360036434,8.599897163495285,19.06129951896918,6
95.11946600038411,19.076095246666412,18.044788903949193,2
11.847857721704136,45.55309061899152,4.295408376806108,4
85.05336791907825,93.01819287447705,5.797779033430976,4
63.70738839912076,56.18778348930105,20.496184086843886,5
12.192167833511258,38.76778482082255,28.006549388100257,5
58.825799996922065,97.83702222224765,17.288529620962592,6
68.60963651054487,46.37113062212885,17.034394366786348,6
1.2302685888602838,43.373497368748204,19.400450841115155,1
45.43179618417466,41.16443168877235,13.217349005343864,1
82.53995111963212,31.218007260679627,1.6251613050403124,3
29.535902534408986,32.56948097375844,11.895115401740915,1
45.85480817985511,68.7837059929498,27.00756630353669,3
44.23141270678932,4.083559734188114,24.148404011746457,4
30.19273914424916,68.1816725646319,27.822707057311963,2
91.84418955155542,20.12044981258728,4.5849475539723175,1
78.12940354315158,38.42080032044929,15.178732711164885,6
11.05884109961105,14.653897256033199,17.541844644388313,3
99.70346578375731,55.27510440724698,6.2977652997892335,6
87.92000243077453,72.93504449521396,6.029107178069102,4
28.390843786403895,35.46555760563647,23.460987979284067,4
83.68965796609382,16.341657754026294,20.155557511566197,5
10.641953187138286,22.650558193117554,19.415626104454805,2
99.91047304742386,81.81129185255726,8.009623739490447,2
66.56847361065368,26.764873505985243,15.203082727416206,6
65.0125015558797,77.47025930112271,0.692098604679835,5
9.044072698413274,33.119940680621106,3.8983815780128372,2
89.70333988966253,18.873255434296254,15.547525882823738,4
2.8999503204469423,72.7308559627431,9.290168268957384,3
24.082805804114706,46.85450294752067,28.970092706895496,6
14.302187516663501,3.1277251274806406,14.144541698010318,4
77.67679406922186,95.99424193443986,2.50692469070552,2
19.820422721289788,14.775344507210741,0.5352704176593726,5
91.06382271308853,35.340697645309135,21.757736215430143,5
65.62690393274902,38.479463499570734,5.145202141509417,3
3.6162710494696215,48.94298992584133,5.634371070151771,5
0.5429834128700461,78.54440223341706,12.714216679220131,2
5.165791701439892,0.6090279675126764,7.92181767460394,2
60.592517764772765,93.24720513360747,18.497312392385684,5
80.14818108594153,64.59894602030111,14.570775216712914,4
23.855282062738848,95.06488791489356,3.343518044316902,1
84.94088429230729,81.73895374164857,23.542225437283452,5
5.7231940153260386,92.78382180832169,12.775765632427444,2
80.09638536416762,60.1000550935678,18.325029587679015,2
92.77954301722804,35.73089828771748,0.11826997598045175,3
77.21083991043805,44.29140631136037,18.79200100309611,3
69.81207839786371,65.8032310384113,8.485495710928033,6
83.7980218655383,42.69318597663363,14.831122296299807,3
4.015129954706643,73.16727834677891,8.931618114638692,2
20.178211071905537,9.184801608002957,29.887822339267284,5
12.492367930564308,82.99866489848887,6.925269441348706,4
50.453099019298655,20.41886396420042,27.3857880446777,1
74.51881283288445,94.39476095247225,27.538998954897508,4
63.001184457639866,15.554579993726792,12.630019588031033,4
85.1131099761935,12.916419610239782,9.120093465700688,4
15.521299244109088,81.18761105873928,11.431066406963735,2
73.46210919351616,81.87018277030144,29.68017262175394,3
19.30414908689041,73.87594198812472,18.563886820128182,4
27.075875131780023,96.05304639047047,16.343407134619156,5
70.99046972813039,27.053962868541603,1.0775364401828191,5
98.02047848986818,82.66487389902876,25.43529091191077,6
61.154360597706955,35.204053004342086,2.51416367421597,4
5.45003149912956,53.73986255693407,1.4091710110314404,3
61.63089699275328,44.56000297013287,8.24574258353976,4
4.23505515801671,0.5850022673607236,14.273658151725545,2
88.41457113668172,57.44621935391577,26.858668800132016,2
70.95782851006207,74.7505887763953,23.70236397248516,5
17.31278464225032,17.455238357527126,5.92896433517529,2
9.172100582419807,93.16558618930374,11.162385852818296,5
18.353322888031897,53.039953941850385,23.407207938566483,5
98.00271795541924,17.82460031510935,15.81277342407292,6
45.856064245848984,64.59475709168852,5.234758260722377,1
78.4080948341408,19.1922708515344,11.881656080350002,3
63.64083421077768,6.353334829533641,18.778074135291206,5
57.24131499586373,68.53152424192423,29.196770244265043,3
14.51302546650497,11.069488330549449,19.854361645692272,4
94.60244535580951,10.621744837643533,0.48585486694190827,5
30.134263251471793,73.99435631818133,21.150248298975846,6
57.80172158075422,5.520223320807116,7.525944223716915,2
69.97759445890661,80.97691790479547,25.864767426414446,2
64.92331552453089,79.61487586478276,11.516697246784156,3
94.05944096955184,14.1393428077766,5.988451132629007,4
14.8438989920058,51.83806472769689,14.038415595307034,6
50.83527384469421,9.662549096894235,7.655939229450164,1
40.403439074076594,63.25712197859872,7.074644654935517,2
47.41687294826181,6.293001297054657,17.19785402320479,6
11.921752619774463,94.44808563227473,23.020388125526384,4
13.409460987276534,20.773073536958165,25.048631224796267,5
27.80755457812574,68.28946559486451,11.93009611411173,2
30.470460376083132,12.829142437711006,2.004112907908179,4
42.790321368135,20.959644832677647,14.5192499539666,3
61.09875470366283,45.09496488833706,13.013444310851575,5
63.462911741826304,57.30961413415162,5.9093684475911825,1
41.18108965855703,99.8863240391683,26.884347034323604,2
40.87831094286971,2.5926228090944137,29.224447590620667,4
21.762852669696198,0.031441964408696066,1.5524156409924428,4
58.830624840900825,35.036709471494795,23.872391395722975,6
31.70409113172379,36.61563678024199,19.37149673824616,5
3.60598342773637,88.38372360986317,7.84308774497724,1
41.84000441568604,91.2582547697302,19.054683548484388,1
47.41326750901703,88.05249763593189,3.8592957505042347,3
22.5592868204211,14.317875048604778,2.0821952489249185,6
57.24579331221157,41.210483518107345,29.804672251567816,3
56.5771900431921,74.58851622950232,19.091095753759802,6
70.20021811103715,31.261106778424143,7.596678735997005,1
64.794848220121,66.32380285105512,13.501018677112977,6
65.24330565210316,23.714286319109203,28.502645468935214,1
31.621415182404313,32.34192579608081,13.16175205160429,5
78.74322219859539,86.04296493484838,27.013335960070325,6
54.914438359967946,25.05090360889951,26.064275939353852,2
43.14181951798901,96.43240868848629,10.324689482725299,2
62.60124809410571,30.625956093684692,20.880270122313075,4
36.06573344502543,2.3528109823277354,19.814955113477772,5
51.27392446067582,25.490090380257048,23.136356118595256,1
73.67056884822203,17.120494224342576,10.977874928024564,2
88.64028867237077,50.68269662175497,1.5670949549439817,5
92.10571972951917,11.271606632786002,5.131177233375331,5
50.36329251830992,62.60488772454097,18.496610630212775,1
52.02751147405691,87.48990705564947,23.253005606920606,6
79.98704107638365,36.25188818037357,22.68145903606788,6
31.445069174420127,16.849271930540443,17.51044755345092,6
83.73823623450686,40.002499578441295,2.5427443714467746,2
49.41416465174234,78.5966821450627,0.5186588155743743,5
11.585672433526838,59.148767407959554,23.46425271966218,1
7.20591470729437,10.114321332760312,16.48129302569588,2
84.19932110394632,53.718715432703334,23.481363081945233,1
5.55679169068779,46.80853814555932,4.883653844381666,3
28.06114361336559,32.711225602116144,12.222695123134306,5
33.41300405015458,11.016059605332329,27.57507861233919,2
17.29944451915938,98.1111935620275,5.147939737414971,2
31.389336980198923,17.604331989325562,1.84580711437633,2
74.26925667250856,19.274289079074546,19.60402151345245,2
1.4682843560070769,14.558269210223585,17.83609021865269,5
82.71734245206865,57.01930386989381,28.560915175732,2
85.65480235745582,44.36695744827004,27.194052631646272,2
37.226157319154815,24.955718202655596,22.48291170661713,2
15.36128990606348,42.94233830215282,0.5747171363475656,2
60.084040794508084,67.35218510617179,14.411609052196804,6
11.967255586489433,28.170053149863016,26.883058096111164,2
36.49193610782525,91.52457760303804,13.00953264343432,3
95.84291809009724,30.63462371777058,28.86437158838984,4
99.54644725836371,19.817903082285326,19.574639419319475,2
77.21048913545856,95.45678468728144,3.283713826283824,3
31.09615099207662,81.05606101181793,15.278162255600504,2
68.76650491660925,34.313762484346555,20.86851406935443,3
70.54063654840127,84.14318511438759,1.9610691671886205,1
38.784169516364976,51.88142491538,10.339485962123023,3
64.08886345861595,34.67524982610628,21.512431891619592,3
1.0727644975676243,83.96115895392143,4.712140869211023,3
20.905765860224147,75.21650668644403,10.450196948115678,1
52.50883029672612,29.78748426431058,20.697309674017017,6
16.37513042582959,60.66785152579738,23.266227055923416,1
16.590686787653365,36.93902235197972,15.555353814762617,1
83.6304290550238,0.10519725603881369,28.70572583100029,1
98.91330026836054,96.18157414002793,27.759925763969893,6
55.596942802844836,54.962907607283675,14.203111617233553,2
83.90697308817134,59.84326016657832,4.808232303339671,3
99.03216643262725,59.989142567729495,23.187946916518754,5
14.15958885687747,55.06414608194028,7.29418726179432,1
44.824561325435106,29.004784477359348,25.28463929997315,1
39.25727158419199,97.15761249080562,17.614330234652947,2
8.004928364618502,62.166841251528496,11.822790191932398,5
75.53301727947445,67.09213605539614,16.691500757476327,6
43.3779027322593,45.47927573170498,15.984263053737816,4
46.93269341904013,28.786140049078256,27.74198537699753,6
15.067297381324018,6.434898217492934,6.430891492846885,6
18.09266522308681,35.02301965678862,27.844753576550293,2
90.7103622156215,17.60974292683921,0.940231243795665,2
4.464908897427888,66.20882682570118,23.076098445992297,1
23.285228494370624,87.90038848027194,27.590043921346954,5
29.205933031452837,30.27548582456523,11.821565729595886,5
49.01975424015864,33.288262541404656,2.192015609858018,6
58.644517301479596,67.03645038290117,24.140025944811303,4
49.32899758506666,14.927143424123635,25.285945670752053,6
8.411533455688202,92.94374266776991,10.087721639653605,6
24.366745405571354,36.38467810254831,15.557798570577184,5
84.35883847625412,10.119944592677466,24.284072040304487,5
63.7588700478459,17.468400492064152,5.761289317503586,1
64.91490501342744,93.27460760074581,18.8692726917381,5
67.0203255351355,24.711928836901997,12.918919785474575,6
76.29030190395291,66.22688038312864,5.232472567627906,2
5.810848172144734,15.616522353826511,24.943206217528786,5
36.66083849326124,19.41016923487777,9.740424965997802,3
53.952743526167865,87.92382188999775,28.032783469650486,2
33.845648329732605,14.803322010256181,17.06801609459406,5
84.44788732871865,1.8750586736279162,15.435299441542151,1
48.25725085872939,50.12331895262763,12.699178326580773,3
76.86275894593791,86.27268132629347,12.02012669568916,6
85.20155168811691,32.599104541562475,24.538988245113117,1
50.479148290349805,12.81622706457105,20.32502548458378,1
90.95522438713499,98.22308295656377,23.210703933702675,6
58.712394053698056,67.67386294894133,12.632524788336259,5
85.02742988337218,85.06906319481564,7.8431167410820635,3
34.05907955915243,75.21382723289237,2.605956555845459,3
49.88169585314852,69.82422739891902,23.29967969952134,6
53.14110410045777,38.45640671309203,12.458292915531125,5
10.497971589607058,32.43399932036394,15.27670776290049,6
39.855250670154064,71.69585958944741,14.08029705591136,1
91.7337672551676,71.67130081772302,12.934135691077206,4
63.08322403647424,95.05883840490932,20.516987312035493,5
17.750658243696748,56.86598178483223,18.26202347275826,1
33.8855635609605,29.46211057876735,29.161613959329166,4
19.160300966269983,48.95287993304775,4.16711722947695,1
2.482313179857254,61.371381672591916,17.205579396981502,6
92.74604585040267,42.67297995769125,1.8972049020694193,5
44.820732825687145,79.11331233595482,24.237552561245998,2
30.753507242078616,58.46132122158377,18.48933999753279,4
59.84771915577366,0.9435727627650548,12.851364479776137,1
0.7314456293015636,56.983988823200846,24.067069639318383,5
27.802210660081382,63.360378594186095,13.650078254747347,2
70.30334656988926,91.52612515440707,6.833582859403416,4
63.3769773069263,41.37216736641886,14.175022833310107,1
98.18059475425355,57.446765927135836,2.1249538991201753,1
62.0357709658044,47.499745071437395,26.935833289181623,6
47.75058736277328,53.16564284688854,21.928751242033833,3
76.14325631840076,6.730407066899646,22.80947358645083,1
90.3327871964053,89.72836675331015,26.23479912055327,5
72.06959467183516,91.04123398316256,23.747177664452508,2
96.32112235493796,54.805960984263265,12.955577707603194,4
78.20051707381772,55.65555157209455,3.5590920457634887,5
86.68014382619265,5.755603594395453,11.200943399428581,5
11.410407118363718,59.795051311975676,28.02254143139167,2
73.24135029937877,42.91517898791625,28.47271473694139,2
44.00886995273686,70.90436302344372,23.036125965713868,2
55.31038024112752,4.712491659557239,6.132917492141625,4
65.41024094823568,71.08876827294898,5.833495753924819,5
96.98151167055694,28.689382383231386,26.39314532642161,4
98.45780814316247,65.17053304531079,4.257477690333743,3
28.82282454879053,62.712597531212296,17.524124319974675,1
73.37534974379162,22.684148463223252,11.347550468372035,6
74.99835379352686,44.045234521626675,9.060330238835295,4
34.649286131304876,83.56332590533245,20.321460770309415,4
12.3869774864221,60.55916435947739,28.787072299558133,1
4.094696028571976,6.873830197841146,23.329012147208957,2
77.73431275291786,44.29088313208297,14.58487779304662,2
48.96997418169059,31.177145877791702,13.221345246066491,4
98.55401694949262,64.16456789116327,27.229925649671603,5
46.497345619365305,61.45639412952608,17.343212954212618,6
97.79169790738402,1.0398101510140534,14.899170691985857,4
41.157600219405985,60.7695509418463,20.48507608594269,3
79.36821505599725,73.48496539849367,7.114614513885793,3
8.481927231183207,76.87300324015754,1.9120646272463904,5
55.54617101377639,5.897577038996116,25.653343214560323,2
80.20597869857242,30.365841710986896,18.217851020983705,3
92.47016672198886,42.12735605515239,4.9463130367520645,5
82.25830906174316,17.977170779491182,8.941437795022416,4
3.6970727201174225,42.07338711650098,29.698005377685924,3
37.270234130673416,7.112953582559234,19.03270897390966,5
4.869847231385127,11.321728300705159,19.08336422901367,2
10.928229111455801,66.86947628434194,2.164909896261661,1
67.53056286674841,26.257246116015498,29.069752027317953,5
71.32581963116982,71.14058474795725,26.78348668676162,3
77.37206827516263,4.810852801666798,16.433473267896616,2
86.54565480556629,56.27030530435029,9.281667493526205,1
73.943146847651,39.14486635868403,20.94165685158275,6
80.0871592106632,79.69713919154653,25.001231834156073,5
4.896370982327925,78.39515802055618,23.583642294697604,2
23.45351504412986,37.555964245750815,29.311421161436364,4
62.189777337524575,62.27140140877143,19.105661960008277,3
85.81253046248231,22.75488688194881,9.636762946765959,2
0.45001249396591225,58.040683618042024,14.937828392056009,2
51.46293421163498,8.126469394752245,24.489515038518494,1
67.72873993643972,43.46042841186101,7.9602776164613225,6
2.9607289128613212,18.272768153810915,6.942247648319743,6
40.13555575533879,88.33811820915227,21.745037409794122,6
89.56348813836968,44.49008179668318,13.332822795462324,2
67.16128088558587,59.077374863753484,24.497111855691678,6
23.76583633605973,36.03818603300104,4.310507584769667,2
85.27811296319126,28.87410352398029,10.070893894482202,5
34.80314234095143,20.291978306153357,8.042997197703036,1
85.33446711440594,91.18715826670196,20.936044441988205,2
29.894365111890554,79.94657824269527,22.779876399799484,4
59.032025088314896,13.326114443103087,13.680080876596689,6
39.69400677478341,74.67248762917983,14.340881291968069,2
27.4825050755067,41.85307770366532,3.9609564836738844,3
88.65575621718692,1.5396654960569855,21.054842814391574,6
18.759368193949133,52.836732037622205,29.76952900797742,3
8.48115912357631,13.00464400848661,23.337655224954283,5
34.19269385456604,20.993431309359465,6.693369695628842,3
71.76391476415675,69.6040961424093,18.69368218782707,1
80.74316059762818,25.71420371411961,8.848704319927588,2
99.87433700667648,89.18882018418167,0.9052965874884888,4
29.63620570111649,65.71697584241699,5.394685669675007,1
40.79419511312822,83.22834849108091,3.077807167915241,2
13.68212780296263,61.51895383301841,5.8779766070458255,6
57.487192962303354,86.88495910220159,23.868132643470105,1
99.75800372629172,36.168467502215016,8.784964020912952,2
70.08810101206585,54.914057688557975,22.711198528353357,4
59.521284041337175,51.589040044433354,28.465876645283124,4
39.2369092921794,90.37907080779705,17.22819345203324,2
91.52987602855548,16.491540860861353,14.562268260301638,1
49.69165961303494,57.80607631866924,22.503815267707914,6
13.43669133130615,75.44311942269803,2.9127041967927,4
36.53784631991335,37.004976053366036,12.846362624546554,4
6.716666884776689,86.75815246159763,14.96473784796182,1
20.197903768878156,37.3014767077734,24.93153931195133,2
1.7668780999912204,17.33087598959161,24.42652980693898,1
45.327991650016344,58.40483554050317,25.447960795499437,6
63.45402649517972,42.056801003731245,20.936187836031056,5
34.32924623789078,1.5190104682004546,15.916674215545129,4
42.03817715052771,6.9838592493503215,24.836379640301466,5
95.92092728445759,19.527718020659,26.198472457658088,1
75.19631215749155,76.93299595181523,14.414537779764412,6
54.085663694495125,89.20395160337483,29.569857236663147,4
28.454087511182525,54.56408740142224,26.24454374937536,4
89.69967987729952,10.556546251412346,15.314089962642237,6
23.50971168806595,53.4418952241846,2.0786278604131914,1
32.534273051667704,85.5605460596945,6.7347615261568885,3
90.90648144229485,74.94776291225897,23.291957381288547,1
52.95420552850724,29.109816369737494,3.3346277099605426,3
74.23179494179767,12.389060928835782,14.094001989577896,2
59.07447941637661,90.0681699762243,18.145565763141825,3
65.34392090094951,85.4088746632211,26.350404851115456,5
29.938329151482556,5.371536514522579,25.413415886804398,2
24.137206162666292,82.36744898245642,22.928337631791983,1
32.249234716866525,9.721263778493949,12.23082727833597,1
15.544156408342246,6.328363340203702,4.267477630268912,5
87.43143652908074,75.86008971462594,20.089479286735436,4
28.324693325011406,53.631062192495804,5.43865867465418,6
56.14893944143846,41.454802409031885,16.839434502258474,6
79.1974425141374,90.38621959760219,29.42034547390033,1
78.38241093757135,83.93035720677537,16.509293274218237,5
43.83862585841929,5.76234715470566,19.366706017813424,1
47.62573085867257,61.60872419411724,20.327264157485214,1
99.47017489350249,77.22674032074582,24.911650730265148,5
67.4597476979024,55.04905797749521,13.049420343211462,3
81.46384431178826,98.30054990761883,14.925297031574932,6
90.2553969219232,68.60475046475483,5.279160417737698,1
78.75898362293393,10.41430126970253,18.44039663212506,4
18.51793449535676,19.829801199995345,8.872740189731676,2
56.21707337375722,82.6245621199462,15.228742466660988,6
10.189415731454488,99.67566731443,22.996715805296933,5
65.29221265639984,9.83392668723897,0.5270971404595981,5
95.5349428187811,10.03293178450484,16.917465797531193,2
51.27320643001113,76.33870541432835,5.203350519320692,6
43.29724928677672,6.435428171653957,8.38150019351561,6
3.5842751418163177,6.8560116064847465,1.0413984026099377,5
95.97745223292203,88.88164830096625,5.083882805577067,3
10.300268413015878,80.04498123184509,29.598881798614556,6
4.107909330484693,88.15631998643822,29.95568283597936,5
24.606661150493846,65.05134021327537,21.595437596689425,1
6.5530433918382425,32.253642193885845,18.355705643135806,6
45.51178424117624,90.63131903327911,23.31020859297795,1
51.60878012571124,29.872352497443178,26.89662816555485,5
31.25699490285839,27.551083945484933,15.579151786962246,2
5.096048257488606,88.64004191927712,1.0585199825310365,6
11.16003682492267,68.08225924932078,21.28187461740158,5
38.45043779899281,89.56720847092427,29.538075062172673,5
6.052845082653613,15.59012892539724,7.7415886791588395,5
69.81897256099134,95.22967977656313,13.903966963833,4
20.702054152481196,61.2742156700327,10.838232031538436,6
30.20715687836385,66.80350440934276,11.714024826895901,2
39.41257771780975,91.40605803264515,21.641999816260707,4
41.66096330691479,38.07529746946287,11.352131692681501,2
0.16607076748005323,71.95749946958621,28.2325237637618,1
11.207037099869755,64.0340621124484,23.68975361290681,6
86.2764563740878,78.77527188659602,0.8294107526308536,3
0.1233062511908134,89.69427918333072,24.556466461011745,1
50.81673558128751,68.00608554300946,23.18572267315976,5
48.95020065072081,6.763955450306436,15.494811851437007,6
33.30941610106378,18.314034584978025,14.904521902392407,4
43.13270201464496,95.39781822670841,25.065807104008602,2
78.05811375265843,96.86504733772261,12.743558674891048,6
84.12037062149564,96.74133136983625,4.783870298798954,5
26.034854341525005,3.6799400400117976,9.386964985470978,2
32.249044096772984,38.244816794941826,7.956072100724681,2
24.248285302833274,75.9672703987996,20.431770889543508,6
47.98634005510651,75.28858036578309,5.366200501225357,6
68.3258357658813,8.59089049499585,19.34317309298421,5
22.825287546342054,60.9488887089519,13.979008417912857,1
33.073574205486665,14.286961854085744,25.189827882353455,2
93.03846175891505,49.320933286779336,14.549962296524038,3
4.8569289846958075,23.96857008411215,27.894118037081487,4
46.07696052395662,5.316117173472767,27.014073836567633,6
71.15580415967779,8.001942552660957,5.558627373120685,6
15.045401155747406,91.08929497299081,20.58499057055651,2
4.737402000548185,74.46459642015341,6.438742473623257,1
13.820537163853075,93.18239817729504,24.69912918691373,2
91.88231935306828,46.99899323335527,19.071694636097074,2
0.9259781821123414,41.32924989528043,8.823530828449535,6
18.832197481135182,35.840729250209556,7.473708851505193,1
3.128351290164455,61.630709605209,12.8873296513629,5
11.062946756220327,35.15593869713336,24.02168914383393,4
62.014928662829625,74.62732339820062,23.88484827118355,1
24.163890873908578,80.13173262158621,1.001286766648064,5
56.92120504306768,87.5844593429381,9.068616464127002,4
59.019538276612614,24.280093024527726,12.685528904091528,1
84.9435333089779,52.70220492923754,17.567460403327296,2
0.47413929118739206,22.344461672983883,4.485810264440971,3
85.33694593423668,3.755582342034114,10.058490615867743,2
61.9119086426974,70.78253041698378,26.567910617038763,4
16.27434861049576,54.89812739351246,14.296425402409486,4
77.2937388135284,72.39272795530837,22.324296781303183,2
85.54915417905858,8.76229114065371,14.543355194890196,1
25.42634837541573,99.5526179061942,13.949477292013908,4
91.87936809026809,99.4348566947032,18.65776575250512,3
45.44574302986578,46.49998255035127,7.780935365688526,2
60.342445433332145,86.60587151838361,7.494062979187499,2
98.46495336176436,24.35685558055568,29.68061564674827,1
36.15360786391994,73.7566161223297,26.06976027957667,6
81.31593458201128,87.92258568135658,22.132646893489337,6
31.839911782845963,81.46662660807785,4.114336171665998,4
79.9213522241491,81.17740782411575,0.9067413355429998,3
60.07339188626425,46.30266320888651,5.262375125912789,2
21.635569522540145,81.99899477787727,28.131928935225602,2
41.402609378923636,69.07048130213005,24.488693107469636,6
31.76356343635617,13.245139814420437,15.692280374657292,1
7.810839308036388,11.418440406452014,29.063417741051317,5
2.9834770099697483,77.19221359346399,4.39746308706903,2
34.647865540718094,62.54640887729238,16.774513200181104,2
1.903414781748658,51.93761171913774,5.496663791961295,5
16.548775758177502,90.72617908488282,9.192858144129177,6
72.51833208508688,65.95903568712185,28.20405056889677,6
70.80912356835879,39.614674508830014,26.048355496460506,2
73.85803864573826,41.39318081761838,3.053963568917583,4
31.715317112997877,60.524436081758495,7.486314166828154,2
89.00194571176955,76.02752846863484,17.83522408746152,2
59.38305480284476,56.43533069491241,1.8405836202247317,3
12.602634174662652,50.87608822191797,16.502539420543123,1
14.371866145553414,72.69007026541819,17.53474307382032,1
69.30954269297015,70.52645499070364,8.729015439913786,4
17.294393644207805,83.0346840613561,8.793689403753701,5
50.72927015820433,6.255178627729441,6.872378063102124,2
99.17744759287108,75.49521320819788,28.07029110588128,4
0.4007604733339498,51.376045095169,11.666134220972324,5
1.6579801897556923,7.469312003315187,17.55807189341671,6
99.30845819305065,67.90100281695197,9.047237227605436,4
58.46388341341655,71.65401940019429,21.07992013244713,2
12.690997551851313,52.362716954468446,3.043238131759276,5
89.73021997540937,79.37989776497628,2.149246292839919,2
88.03803001276921,30.024810862930153,22.328512817456588,1
53.62004131113752,20.19072185314361,21.800038749460498,3
62.17920298607565,35.07339517432785,7.950040084219867,2
27.318719150087635,41.005051329597755,10.651401381740651,1
5.051969637200515,69.59336024021688,28.717815039984668,1
59.45676088908643,84.55199378782277,3.1299088498594294,6
29.475519320276298,72.09181900786766,5.49441199640013,5
66.3621046660352,17.39875590696015,12.901150949196996,5
83.62451768426013,36.62170848002574,8.462967181665753,1
1.8160543914364058,15.8413713447778,19.470256458966215,5
59.57137746857274,68.67241995580513,20.718051688400532,3
23.128053968685226,24.817187821689412,15.791642516702854,5
87.38884979038014,52.53869328518468,18.335919042083095,3
25.36645065618285,79.18298431946843,13.002624960610346,2
61.07701332354183,67.09392749216151,22.81161761175498,2
55.354084008961145,29.83739906651327,1.262954935388092,1
39.61665000592489,33.286675061634085,9.386740099676427,5
67.7620763599794,65.33642866030318,20.532901241846822,3
72.5769634715434,54.94677493399441,9.889353236261474,5
56.69377953193868,9.639348747004439,2.3560584132884834,5
75.84222371847541,87.39915892735462,10.350402854003258,2
98.34170759929376,51.26132480536286,21.344843153659898,2
41.92723879008051,47.33610131974654,3.6595459575995326,1
51.45830518855309,19.84393366322623,21.738940926349635,1
1.2469877941213237,37.699381897053726,23.26367149072727,6
79.60285563103784,33.282486231509914,19.059022332680968,4
52.02300670459938,27.073568282942684,7.327021456744327,3
40.79614303605652,56.74065746467731,24.15886071585184,2
9.40719630893958,46.227536028028204,6.43327505335396,4
88.96564216753973,88.91976853146673,27.174628565140516,4
39.50072400405564,94.1343977047161,21.19937097426246,2
68.25815982092203,21.94734292280909,1.6415977994117914,1
14.937415636815077,10.01054287672105,23.97861355984989,3
96.15496295410325,78.53375514877494,15.193006210797222,4
17.84417618218309,99.4861403638609,13.579466889391542,5
19.954199289949038,86.36000698541541,12.615335780954604,3
85.89828605577138,2.3697402118734723,18.198901993227505,1
91.25827441419312,25.1263550706466,21.73735502348884,6
21.21474075233014,4.334227704126392,26.87929847173682,3
46.98008881748279,82.07793770411665,8.188344388416759,5
73.34949045628298,58.14069762923163,18.92328818731271,1
87.83657338108016,51.371854116705386,20.5902783440439,1
37.90526950373052,55.444988199652755,20.243914193606777,1
51.70194868494292,25.245125869659113,14.790019433489098,5
74.1716410519735,60.16383691388628,11.730676446111033,2
73.11359766527954,3.0666978464029993,22.87136451201275,5
78.29601300260849,64.60117239708396,9.00029412122404,6
56.99338186415264,73.44338301788308,6.241594871947294,4
10.461509680477521,67.30262637118271,16.374875812803715,6
90.397329087804,33.211751831222024,8.028325729865308,6
86.55725393210282,82.62629151275426,0.9969948829361708,5
79.8097435818333,71.5543997117482,1.5472723014691625,5
9.986247716072949,12.829732292427787,20.85031579160624,4
20.43973670814292,19.514422053831503,29.194375379762192,2
74.3600365107652,63.71084131782386,13.64065150878225,1
2.3140094581946435,28.941613355602613,4.411833767542025,3
97.92246337072797,11.943294144623696,24.54249631588059,3
37.714468035568075,15.496899314989221,7.843076909211595,3
71.93125336908236,16.561718054040064,29.868793848116418,1
88.75710884880434,47.77909068183822,16.8979249748118,4
39.462988815008224,60.738545342949735,6.978976456803019,3
31.913248859966604,17.640227485441496,14.880143085730317,6
60.87411288982467,71.24966103632211,10.061438154889458,6
58.09893737480507,28.101260750152846,23.384159538808433,4
40.91399776247972,31.155813839396085,3.1744765742416736,6
60.177475586770846,22.349862107410758,25.710081510976448,2
93.53813695664948,78.5206135943191,23.02010682792404,6
46.76402566265965,95.9813832936877,25.840914117044626,6
19.67421807506313,49.249984867809275,26.849812381249944,1
37.72059828830039,4.20306414319922,6.893334688292438,5
39.41069825931186,26.05693164254759,15.630174216858624,3
13.110869302621985,15.805029111884606,25.49766660499132,2
16.28715005545549,84.27622848520178,11.321639163483345,3
68.45620733936772,8.485398743320516,1.812227303868974,6
33.94777542089027,96.64762406883838,8.749030696155497,6
95.48983918558076,58.8513776624626,7.257609344244326,3
24.35967453586074,51.773978707416326,26.101878560673136,3
9.892450510482231,84.73506224191868,13.915390482274448,4
75.3504563000258,2.754762129145616,20.506327123389397,5
88.10360519178701,77.71527494070097,28.863574490747563,3
27.811335687148787,11.660404556851656,8.975635571556111,3
20.208810164547796,84.07780989404321,22.835986725821872,6
18.576613487108716,52.917621923786186,0.6829236455616428,3
52.20123013665123,6.1129402360091785,3.123485259345845,2
46.841664124677095,83.32450388013244,4.855952700098342,2
25.94398398545342,2.7314117071251642,9.372550106175252,2
4.517311698942638,13.837069289360349,12.089616453881352,4
48.14913403262807,79.7824523826629,14.310476721967632,4
95.93323476356083,46.487112385789096,7.359940388501924,1
65.25192007526633,88.13887043548337,1.986459588304078,6
49.55065566286184,63.542927279108355,20.3256927552073,2
11.069207402961611,62.3528754370408,0.7098406060279339,1
25.243629054958728,29.223510613201487,24.284119045761745,5
29.477394957454273,13.368052355173354,27.874644754536043,2
76.48035526072343,96.11723908966826,21.311067409789032,5
87.67107972646193,10.479768914339516,17.878815518244956,6
90.16418535664384,52.90106000735676,19.710555879858983,5
98.45686082507541,27.256859083478023,19.566661398527827,5
98.23666831045324,26.414066358145472,27.951154081995014,3
95.29991327679814,59.45862193028131,28.92917613581902,3
7.182214050288438,79.79341171788688,12.801349257246653,4
13.779353592780518,77.71794828312787,18.512375284452542,3
30.44665264760329,86.88016891935536,24.084211612025168,6
55.28982540644615,29.29027379123671,0.031144715164125314,3
9.69778887054793,46.575138171507376,15.81047750483147,3
84.57969578021425,0.9334573220024955,19.58629019453093,5
61.67561790773091,74.68576231363654,21.516163492127447,2
54.236440230220495,30.234311214228306,11.063682281888434,4
16.531132336729115,56.149353327018645,8.869332618347768,5
25.325547440019736,16.93002820194507,5.464276997037255,5
16.031202498225806,81.93995071343285,16.734466471580536,2
85.19331577947986,81.72722192782777,27.579102967563646,1
58.42278600612182,87.74529147529555,26.879344521721446,2
73.51294275196334,4.593699710672283,10.79897781473077,5
29.603286291002572,99.24587097750137,7.735654198146079,2
37.12526370882772,24.777941443969453,23.66381468012331,1
40.48549644265338,30.943368604734943,21.749400547325646,4
76.00149717440348,24.93357291904461,15.160194934124767,6
77.23529876745681,26.75326983665324,11.670907786165724,2
20.68135275140317,55.266135610364664,3.713937112355249,1
94.1538856738099,23.981054430377956,23.554157672767097,1
12.06553374436864,39.377131140040476,18.52393330745092,1
89.61220824236304,65.56065824432153,11.3064503921405,2
10.03956456498093,83.60262035777268,27.563639282003987,2
26.453981115131107,69.27415002668795,19.790181192355863,4
84.64785360679569,59.43228447873232,27.877166005312386,2
17.949207234608743,14.77285625410687,14.232373810189317,4
41.356793130996984,81.61156015412826,13.638534721917898,3
44.98592999441262,3.7274887993038686,28.117178709422387,4
24.525897302320963,26.419166323530206,28.793742847305996,4
71.02452013359866,5.7058916931961186,28.823019566366586,4
85.13346494022038,66.74289755844626,24.566921817223285,6
87.45751398555718,36.837108259351446,13.872184344730158,2
33.9322145736561,65.20484832048668,6.308978828071764,4
53.08503942878144,34.70309593035903,11.503226438334849,3
24.84064038656515,45.574073079949414,28.14892474553366,4
24.479650155014543,45.79610101661808,10.906628852408996,1
16.125406285192412,4.558065366754461,22.701522804706123,2
94.00190108075147,43.022652634600355,27.690130532733235,6
88.798882860558,64.10643631152027,29.111764886442888,5
77.73587133276922,54.60522460754338,28.430224406260685,3
51.7661521287729,7.528376627828726,16.651727931668276,1
49.06079155118719,66.80559856867488,14.75640223952611,4
52.974566618249796,30.886275491526092,29.629215263039587,2
53.65680135770893,1.4434802779022093,6.545376137409205,2
43.456308469769034,15.559555708424522,5.625907850542879,1
13.175483289206745,49.75596573165595,28.895468932375053,2
12.566385286853599,31.040165903006866,20.675844654725086,2
95.22497158456832,69.43830137535508,16.089120293944735,1
48.203075958635054,24.065347556576445,3.9614937852391705,4
95.32055249051889,77.27961684751686,15.397207470489878,6
16.357687771010998,28.647718139397995,28.32663460564665,1
55.441655203993356,62.08637075844157,18.08673970046015,1
20.771725335153924,79.92163802511801,12.138858673186043,1
25.318460612660154,38.555612864374886,16.53309004395385,4
3.0054578761178785,4.680494181547045,26.584352610533536,5
11.895331074021131,53.54455210588809,27.385459834059827,2
91.68484076291958,99.54090615445003,12.002644969586859,1
32.153299148233174,96.89918663769136,18.24183007302966,1
60.812921191459154,22.10221939441682,8.376078380484923,4
46.5014131989273,75.56965094242524,13.532558884754295,3
40.04512452452783,34.49518318200659,6.596479103494287,3
53.188609134606814,16.027248018309148,15.944167855967255,2
18.72389446153415,66.59147006024932,17.347204048939858,6
98.86038985195765,50.0868729526769,10.135102083923194,3
81.83078687038629,53.92305576556773,8.163549019159445,5
74.16146327315153,82.73926622355084,4.530768198943558,5
46.87592970139525,33.6543675887423,4.186309986184793,1
15.287712212633597,66.7094759555663,21.34383347142353,2
92.06658582735679,36.619146696262526,6.6491401071811005,6
34.138706738172765,4.272389658042918,3.539310633196815,6
5.010668969693377,37.80151073363489,29.96615069292866,3
34.240367681062864,95.00344632041346,7.7974950566717105,1
79.44570304958843,48.326248208841704,26.881449462843964,2
62.27087449882082,10.823043683686818,18.275578612557524,6
75.08385847448596,68.78268293762258,21.45210500420445,5
79.36353838623774,96.33793497185212,16.82756734498906,1
21.19546110805426,90.79452465442571,5.424335851799067,5
92.37833160931802,57.196083780813865,25.411547143578076,1
43.79896029203726,37.62807443485312,24.839182994603526,2
63.90136492641646,58.06776685092404,10.490563960508023,3
0.23087725867420028,81.59310621992495,22.915520892343917,3
99.3368498411178,86.12373420184542,16.291207750332834,5
28.08963859641551,81.88438849424412,27.27147421680194,1
6.206310654015523,45.54763784417377,24.084731139119036,6
45.826204153651396,11.885798957022997,1.2298730940609237,4
12.903005718204174,56.917342673877634,26.378279165737748,2
15.232671015757571,15.642882803336523,29.056992539354695,6
63.228281303021014,6.095833389785598,22.264686078753112,3
39.29273915702333,49.86678334288609,3.5974059254120405,3
92.1852450154995,65.5373450046628,24.221276695113605,1
31.915649460807003,85.4147306406393,19.424671278707574,6
72.61801283839011,78.28355539543035,10.164789525659407,6
46.109943015490764,85.72405127565482,26.520916535780003,2
65.99513011292788,76.00687708208905,16.967000653595186,6
59.96953567159904,70.32393969061394,25.58783793058207,5
47.27839727589982,1.0137569140699632,20.103412457527284,3
95.00610946244372,62.61023118092105,8.655483111147845,6
34.271364275495586,12.04818041391177,29.250560875831095,4
17.723550124927257,5.8667132332541065,17.130166438186755,5
67.80940608798282,15.64121521056554,15.502657254793768,2
84.60075613079087,82.32921614417502,12.105288847597649,1
4.0253739939923765,74.38493931000214,4.090326092330621,4
44.96326884226806,94.87724052052123,20.586386401084848,2
89.24876896873263,97.89762586504105,12.92397594017442,6
74.96186189228675,89.32839863739821,28.038375310669263,1
99.18077164976282,13.292605097699916,28.952915058566948,5
53.141381159724375,87.83827409249804,23.02922566049853,4
65.99957188011513,83.86371347886453,7.274842911076056,6
30.248028113792813,87.10858598596974,21.47939042411899,6
94.75355996659923,15.168561711649142,0.6126525289516649,6
36.63354885565363,11.679182777331754,24.79201508425178,3
73.85107126866286,92.38088795840817,14.808557012715873,5
40.31402041190819,17.38266491345045,28.102189496555592,1
56.18189300629993,36.86217310426012,11.332801239778952,3
71.97825350215462,45.59848494940603,7.895208134515329,2
50.893415175135424,12.444252782956443,29.851690162681177,2
90.70863269095085,2.063428803254741,15.920336145362256,4
41.930098792781024,99.40904697671161,25.895476272313143,1
64.70717981433252,87.6657244834961,27.33171492063026,4
34.23624333000541,91.23379293506373,15.5540613834427,3
40.8156668231013,28.45630692721185,13.67141776557563,2
44.00501082335524,22.010157274543907,16.586578643170505,4
12.580701831228524,42.58665581754266,25.432185086442423,5
9.17236790590067,45.33193689780069,28.93980694802399,4
66.74899231467579,0.5599438864240636,9.849663281091486,1
65.55177383430522,77.92531125598329,22.1589114635954,4
66.29097142100953,99.66670381420172,8.561234318698784,4
1.9766445342691674,52.869087010208936,18.328591239945162,5
32.65468426717799,38.82586950124512,24.143687646548116,3
19.780984725919694,39.275189322120326,26.5945897398388,1
77.81514225440124,9.607713217210067,13.461485528377402,1
86.06304013961301,26.616181836401175,11.092670476976746,2
24.668037722614734,50.21327886346312,7.603548360326635,4
66.78491588479864,43.184800113469734,4.002515112545627,5
12.936280345827445,54.503474574311014,10.947527059310222,5
27.515252560171334,84.90656486374067,26.15933414243542,2
13.865449623341952,22.524230269961198,12.564285486319147,3
28.352076659922922,2.7664180906311953,9.51879497433666,1
67.47365473492779,3.8225445282740744,22.173967337592444,5
91.03269101852524,13.416880530685837,6.467534148778162,3
20.252240792418597,57.04829848044025,7.688604074630473,4
54.20790349507192,80.81848100379247,28.077259450149075,3
70.13911012434323,88.68059392806316,2.4476907785165016,2
95.29224684855657,63.51132019749712,12.438935407302697,2
61.00604828871739,40.31432524508934,17.30253577184413,6
25.51069310273807,15.451470815614742,6.907821468438168,1
62.54781569139362,40.1418339443479,8.430374527041591,6
32.049116167801614,33.24151339077835,6.655360942459934,1
97.61283906917078,87.00258808571377,10.355567161819248,1
39.967613516363684,48.671937741060724,26.95517265235345,6
68.54277207610141,22.619589995452884,12.947620397149953,6
2.322758234675848,28.88010668157799,12.534870495702952,6
40.006144613475534,13.6470164542689,11.59742640523168,5
87.51076133225116,91.85854490691312,28.92347180812723,3
61.022744443324584,5.034584623646854,3.5189830865944693,1
44.39428863959763,1.2846248555894224,26.156262628180993,4
93.59374994357259,18.298893352686875,9.814832031839265,4
85.39843761472291,81.08740179106258,28.6953477511606,5
32.22156738229383,52.34667866310813,9.456817387309766,1
54.45484020413396,62.584328737698634,2.486230897689614,1
48.98242560924627,35.77316754157348,15.601256530575476,4
63.220250011486236,6.8677985549170035,6.835967379297311,6
33.41112669587556,85.61581624921682,22.589694464201276,6
24.420500076588823,19.189427212540743,19.71916854983863,4
91.2671835255536,3.3059200545114686,20.594074737671303,3
92.38744994985063,57.27041359331937,5.804684658319099,3
84.3322885761979,8.328922038460107,21.258907946554213,4
97.82044307645613,9.576185185983421,9.33993080941012,4
74.49915257796886,80.03770314825252,29.960220841802133,2
76.46672285619997,49.16095893179955,21.95302989222019,3
76.25900919626407,24.150845224714303,17.712345222255383,4
48.06076309423065,34.862642335951875,26.01353337646644,6
45.64521945142717,72.92409788431715,17.67935099158281,5
24.022627614900316,6.635414475660184,16.582496003266,5
64.48191943592904,11.64806159332099,7.119468084161387,2
28.932013610233454,61.62620349905696,20.34335985976275,3
25.78084097023544,60.69717344671073,11.239332847483842,4
58.596137409605475,97.24621845353718,1.2924788343639104,6
40.99823882250432,37.45494812554496,24.48185389109873,3
21.88566087946322,6.507762717751586,1.556194999462256,6
81.60560167528311,53.75374348496279,20.169003685215777,5
86.0569919294376,63.83468117617903,4.701626744547456,4
16.769951967778095,13.960278578624907,12.977085497125916,5
0.7507032799999869,55.286197353519675,25.77274975640162,5
33.61299685293737,19.77671216582646,2.832586473424399,5
79.75108356807526,84.47300578810683,20.014520356578625,5
83.91738662343245,83.51614957838297,18.37856227458256,3
13.832907011604922,42.96290959984418,26.02589239068878,3
77.43359011830512,96.6743190512804,5.182046139722002,4
11.570416730942945,97.97738744497416,23.993625139074144,6
39.00625901565292,12.92510889476195,13.503635902239846,4
99.86095150119158,36.771380483246766,12.859317374797365,6
19.259082323090983,60.03214700466446,10.853530525196248,5
15.396358257762643,8.483780958144438,11.567224385877537,3
42.28003325467935,38.2655503814137,15.598788792756753,4
61.96685259698614,26.117208401659077,3.2039946877039736,4
93.29007824132532,95.2050220966704,12.751976096188738,6
98.08211455330343,41.15858228314705,19.559436451785686,2
6.964063659139463,76.26708585475124,14.945770603149438,2
13.799751734790533,38.67053635121738,4.974884065488684,2
79.07379738959939,13.181207041883546,10.89155105374896,1
27.063215227086047,86.31515301608475,13.288850232777895,5
88.48490595063606,0.04169169031038589,20.066244438989045,6
66.34532572290868,5.594087397445002,27.022989676124933,4
11.184480238067717,36.43844058970432,16.511265377634555,1
83.25292849240071,68.68982555187365,20.291043843520924,3
17.635638000807585,34.17042952907757,2.3156887631821332,6
42.34953946796538,6.631281762097496,28.63401088042779,1
55.218492855933,31.784003373414883,9.456260710665687,4
50.07661490802783,24.498085899016232,10.628752490637643,3
68.61629156151504,0.5419799818197957,6.685283419245379,6
65.26867348692552,53.480191318040184,2.540102152966476,4
99.20420055280549,11.664591474418607,23.701403704255537,4
99.94219092241879,28.74962887966661,7.214702451185184,5
51.64594026356409,64.11898302224145,8.480632060359394,5
9.519908696086398,72.51156888229772,5.453888298188179,4
72.78432989687184,26.345562685602253,29.246558408966404,5
97.66640782165892,32.9193671065234,23.431043918376133,5
31.832638762902032,24.690923812746522,27.896989499421014,4
46.12088858375738,95.6888600316192,25.85170101160531,5
42.477692481545596,19.051972698740283,27.18890398635785,3
5.141915455692936,18.31806036336763,14.37102155547579,3
67.22644312234448,44.5035295831532,5.116243120713015,1
35.33376950684678,18.930635920056915,9.806410030726331,5
78.74638746315023,15.670845628560814,8.773545509451107,2
83.21200752819861,9.587953770108548,21.514015128040693,5
82.12307865978454,64.01712481082494,0.7701805892202729,6
41.666599803988014,61.208225490189605,4.261266447539312,6
32.15456822408995,65.01628918779663,20.486553607645828,2
74.88207796670548,77.33000080093963,3.703270614013243,4
80.1389433842723,32.63580127925758,1.4487555231120064,5
49.12574463913661,91.84237336119216,3.2764549383357258,4
89.3031019536303,73.3204611068756,20.72022459129289,4
14.390869607855826,80.47085885811869,4.179757782141003,3
87.90687796589602,72.09621638267112,4.389130834094441,2
9.609523297188128,35.84556454325618,6.909005902772979,4
15.35255220546139,28.303248806263493,22.52732112589568,6
53.384001327396035,42.25170695790141,6.01058736782328,2
6.7518480187415015,9.703036053335845,1.061261901726216,1
5.280710140011036,45.12805015659471,27.175900667278217,1
0.05187441657055203,4.314098309523984,26.289552728727685,4
43.631665969426315,0.3945960027194495,5.544570026894172,2
77.46238812922299,93.14989394746928,7.960277693203648,3
3.4838350279915664,68.93368605878929,5.656727143309228,6
65.22576064658554,56.18469470659689,21.586036168851898,1
82.31273174161865,34.11020394230578,7.500266525676961,2
16.800084857787112,57.053801468507416,27.943492721355064,2
14.686373482140425,89.15757763383317,24.829230731507067,3
86.0800973620536,65.23801339438646,17.652033827090197,5
82.31246099500947,60.24819979535042,0.26814674141139583,2
53.89417662641869,46.020450297167805,26.5100821925,1
81.91998792939803,34.5697030650858,21.832849395976623,1
9.275607742449477,69.85471139217118,23.63722189623019,5
39.44815179387544,98.09809410158142,2.1547561371597315,1
73.77975561063728,42.47576935205901,21.256805106556268,4
25.745195932396335,39.220520401420075,24.13768420872431,4
75.23289144335527,42.81134723650425,28.699060684711643,1
50.41786043908139,42.55439680497215,17.414114183473067,4
75.0265987948233,99.06247733684951,15.241255559978146,2
46.467963785732955,70.67782575093406,12.761903699457353,4
36.79043402218176,35.91844492105917,21.038630428939314,1
21.918921647863232,37.15023738267226,27.62463914143841,5
20.837934143501503,43.079692474405576,17.99265146148107,5
75.1490810571396,3.6712187580449696,6.818509245250194,1
11.89103480339605,52.781640202125004,0.5272185092753023,4
8.598235011094513,81.13809515227646,18.573393548025827,4
17.629136502213015,66.05677932075106,25.937936640571582,1
17.53465114539219,19.84208467615416,1.9792583272022812,5
82.31076228068997,72.803424137837,11.927136268840377,4
39.85066234742124,71.94586063320303,28.201407782427083,2
99.03884573604824,26.253921564899706,15.050309875704158,3
13.72112577906124,62.28746568569351,6.619746893657792,5
65.35398256936433,61.094903312193615,10.609692353065453,4
44.87295072012506,83.97876238561815,12.24418698584419,5
39.2918176697074,13.607231183344126,3.518685432503764,1
87.50841990540823,19.483850451152275,19.823767315452336,5
97.55956458283997,48.596950376780526,17.764929872774292,1
87.28589587741787,4.414514889230703,19.43168633596732,4
19.230067903513305,41.559419760170655,18.323747060405637,3
22.079792120893405,78.82190419997232,0.5001620486501901,1
65.60738790950633,14.871439398399822,5.233885486989589,5
28.90835816381917,45.99487369365248,4.967160058375816,4
73.47251307805799,98.97692333824446,2.938544588939683,4
56.642065080964464,50.592001342486434,22.064273195948292,3
55.09087684904029,49.83238241220905,3.6041164343547507,2
82.85469248387858,55.87935837241681,20.045822203510326,4
71.05327717426778,18.60043703327412,5.3517092896102625,2
2.6577764997291697,14.716388268594427,3.54930534743779,5
4.945913714601568,67.73546291151085,4.87590145848238,5
60.15584524560157,39.57668099057702,15.2521036961406,6
48.61920756222755,28.990662821547573,19.36447529573267,1
26.01846553429914,3.1391619919897584,24.357745801729102,4
41.865608731480165,84.60504971784825,3.8568661639389177,4
75.79103187328606,3.2328865844832744,18.485602421574903,6
82.661148465793,74.99831240833194,23.21518798233742,3
56.12230678900442,38.198855899858096,9.372155145236531,6
38.5369480857103,59.86878105046502,2.39146738102313,2
27.069676149510702,24.767800069016232,4.678378891995417,6
52.19184707692535,15.539966623207313,2.7467594268137017,4
31.4749618564381,53.33880008349474,26.616357930680337,6
56.40951370472229,69.56176949541437,11.301050050807037,2
67.66523825096377,19.549329494514655,15.700458154073578,2
6.607921091939484,43.63589474325642,23.06064455412944,4
0.10674650227472382,44.46549702913957,11.144952663621714,4
21.227713884074294,21.59791490794628,19.47307963882838,1
89.45114977187811,56.504944625213106,2.300395596553132,4
64.62907632285592,14.593568678170065,14.427169427058013,3
17.196035193702286,50.974917331858,2.895568985109229,1
89.02639618236188,11.34315113659995,7.448524220406842,4
46.995594028734,48.55424088551374,8.80022482786406,5
47.60917566786607,31.159905487555683,21.5275141166084,1
93.55419438426551,45.2246292081535,20.223125588677615,6
5.948669218334002,43.374935944317414,22.412402667931975,4
21.517827462871853,90.79331228185929,1.8526514171200548,2
58.57713251547224,48.99355999564627,29.817426365191405,5
19.548650958200408,81.84989038768744,1.6326008612930676,6
67.95270092089578,22.565239291171522,24.77243374317462,6
21.40922893367202,35.20827946342588,22.208068004416067,5
9.915697059881435,7.508938063319093,17.752853714754597,2
20.698515964083974,42.07477948214936,13.165714954349616,1
42.273403427206226,66.86998870749309,22.71397059810548,2
17.61382991730799,83.81670341093962,22.195734098065383,6
13.46920249233473,56.59149117991552,4.115350064694136,2
86.02818862189409,64.00726695930786,23.77897418882611,2
32.03972035973079,17.726707761694815,2.3567099230489577,6
36.07586865182536,3.7206038233439376,15.016384263856043,2
5.527040950122764,79.1688145177316,19.352454797015827,3
35.73696235020542,16.703820744128638,24.65066572125683,2
26.480717732157967,9.116953553275241,13.893306542791613,2
61.04850673417885,93.75623209065952,7.105742326954356,4
20.53902976724067,96.35213640591765,14.719788463698196,5
88.83654530628405,61.62572916024946,7.506243313113603,2
92.96666209195551,37.86372726872934,15.86176144368445,1
9.98310571767902,83.32395409640519,13.875245493195536,4
10.740295628857721,20.471995933541244,23.41513451251183,4
11.532643811098797,42.939232742968194,7.202703403275868,4
61.956925631031204,35.70172990006017,5.999555525710186,3
12.19689642096229,91.26999907416817,14.2255601870088,5
85.23823179302663,91.97774153622737,1.51513095572552,4
75.42715149378924,65.08859263236664,6.880218853065175,5
81.98088582380241,11.074014027269186,10.611147425630756,5
52.60605268860209,48.21927896583025,14.628891376827308,3
99.66772115191534,24.532836622405675,8.083101336760922,2
4.417510294416127,88.49156631844819,16.81909484125219,4
40.12649641861133,13.840279901620189,26.352439993355144,4
32.393666893763616,5.431027586070735,16.311823840728064,4
94.8645498712641,70.44290335500783,8.605185652092954,4
57.68609584975929,45.32860749681529,1.8594291600694468,3
80.61909654447253,83.83648876030844,4.09998914244971,1
17.034119365851886,7.462963116931176,16.83652105641572,3
97.86341439004389,80.10761326078425,20.511265143131393,6
49.86395468763152,3.7334752844158325,1.4900383066221168,5
49.36720762706458,2.807001191395697,5.566494891404449,5
97.08847285457378,46.131575173102966,9.572438120297116,5
38.0732361217145,22.12912896806518,9.59319326641507,6
39.7525024554993,59.37187070065306,28.75221042533883,2
58.47527028049366,2.5816994211470434,6.113117938272677,5
12.805261054778693,3.538954236297853,1.8756104843732668,1
32.108562641185486,72.71484961719405,10.590444879369572,2
19.320832244513053,21.016516249231167,4.033259130890384,1
10.32834791070496,65.64171236607336,3.7974589540736736,3
86.61446063310201,74.99221615007585,12.223519833513851,1
58.933116612747604,5.933116572496743,9.191734177498459,3
35.86727915279112,76.97539544642392,2.7518032846607854,1
40.86693773667128,26.842121796128605,18.129102882823478,1
43.15190036873546,38.95459581997483,15.050992980610502,3
63.314918214470936,8.663919229531668,2.312990068539161,3
92.67693914889932,83.86299833648528,25.88233422042433,3
93.27796196569825,56.0728786325764,8.541391746369982,3
39.14919795306634,50.46652778471722,28.84142354841538,3
32.926245959776956,96.85548109027556,27.94615897668977,1
45.104650018525504,33.45057599406708,13.022898786562584,3
56.793423042849255,89.07792864766961,6.857008213150047,6
46.181791144974824,71.96878810646042,25.045581375906675,1
65.87534098167009,92.8528135852239,10.838575248673404,1
55.43990233797636,90.78020527624598,4.906520840138947,5
32.07155466940761,99.10298050260697,16.548231474568237,4
34.57308057626326,13.167675203715756,14.682073281037972,2
37.859278755973094,79.6016392091595,25.500536364418693,5
9.463976824938868,80.44943549475032,21.878441395179962,2
16.60626324139731,64.43735281784868,26.28418460510261,4
72.31138021453862,27.8860958238202,22.04108737162123,4
38.909671152208006,96.51482716283151,19.26524881943391,2
21.453897256014365,20.442213789020958,15.005314568310382,5
56.26724105748573,49.9575378358439,29.626598684893423,4
75.55395424734273,52.14871128191862,28.77494472000517,2
25.742236234537142,16.182934483603884,25.46558944607249,5
82.67898819237445,72.25288223332409,23.259576413565835,4
92.75048596250495,8.886716418023976,17.326786503555365,6
59.73945290738407,69.30977788467109,7.792600815786203,5
66.89476589915796,84.86154962906369,26.263170812638947,2
5.257599032305538,34.939642508239956,0.3244840463687315,6
94.55198910219065,70.94208085992003,6.8231990038179955,1
39.24847342649438,15.677400814784981,12.111973352534095,3
92.390040054543,84.59490014528787,17.584714657022158,4
57.897752475024255,95.20316985532247,16.826379610810676,4
0.46187988433276095,15.26936934997769,5.274474791558541,2
3.8541999323435716,69.18594739723322,3.1439459944059536,2
68.04188056699219,50.58310965565258,6.66986782755839,5
56.26680138319331,53.14993318323786,10.461263666894508,6
2.6532437206074344,70.64897186006883,0.4216106376025863,5
74.34599612223853,48.874049933643725,20.773674616495672,4
85.21453370691817,60.03263920177167,7.431823072124743,5
49.64174824393083,23.090101941137718,10.542133096450872,2
46.5757440357255,37.85065964886303,10.047050717516985,6
0.5473108834627483,86.5240350071502,15.354894026355655,1
78.66497124935992,10.990251164838561,25.79399166283833,4
33.07160667461054,59.757526093363985,4.481698605166235,3
87.87636197825395,18.428706223489023,10.221813396938101,6
37.3060587558053,84.65395979233719,20.760864231953505,2
56.507791063070556,57.90439538535498,1.3269423984131035,4
27.03417881993275,40.304878267027114,24.89935905486671,1
16.058831258491868,24.982467365181794,28.854754214922796,2
77.4907903381328,43.684469918963444,18.229116077459725,3
49.65904788462816,95.76123259217422,28.695251130921637,5
53.64879237522507,50.920928974362056,12.391854882952432,2
96.54159534817354,46.94895316998602,12.450951919654106,5
96.35799122221536,74.6273813500309,3.187467282403124,4
85.56421217024035,37.90470708319067,1.063408049993091,6
18.760929276503358,42.742394988079404,7.3351295440360165,2
59.42726943015799,33.694773157161904,14.343859713034432,2
87.81474246555373,15.09197553293914,15.230471725886671,6
37.446393644893774,71.38092142026507,6.527261452243,2
10.110616593558497,87.30309138836238,18.384170239842827,2
81.09629022399218,90.55926492427656,5.436176245151637,5
48.17635513621716,88.08029380377796,9.786334208073004,5
56.439268035917856,45.17838024379929,5.871285455679823,1
98.21442963178444,28.40661922031963,20.899907999704126,6
60.72114304940721,63.79237496008234,15.497175246669354,4
42.49793856661014,95.47049119060317,22.083032972178465,2
36.99843678471978,72.7050648168605,1.7174450877494907,4
41.76192926540456,49.484856159015656,12.760862407054244,2
11.839908317866875,68.88085745134482,29.008757369442616,2
79.47505584175718,77.2537912454397,1.6085854411909084,1
83.77168581870411,91.92692613280707,12.551360690878864,1
28.439713457340886,76.32157539721541,1.2119465656686168,4
30.37966184099441,43.31905556359056,4.399599629123999,5
87.43342563348132,27.36065184654841,13.875793547191545,3
2.3970355527955456,49.98816647295913,4.725401930521578,1
52.045744376722766,32.81779446054718,15.562662748915292,3
46.3675714681501,94.2764592687814,27.681950483102085,5
69.01267695784597,50.79658434499622,6.012226745922802,6
16.33917001494545,47.20563359640083,3.2155952913659336,5
66.83307407951537,34.81962181548629,24.75829685948856,3
37.673400787487644,63.94069902916003,13.808095422412656,4
61.8714778169642,52.00512786209478,26.478332965324135,1
4.009500987277592,12.904892289825654,9.183698839961616,3
46.172719718450935,86.92078108304946,18.825960155612687,4
52.22508939823721,35.901283214379845,27.69940662904993,1
21.43264028549866,43.25784299581542,5.150873983437178,1
13.962365417912071,20.566705666357908,24.0218567791621,5
18.84743030123014,55.339820761788914,18.945502495353818,2
34.414107806334805,70.20550624285829,24.388402338811602,1
9.681014930497145,88.11653206259396,5.120800348593245,4
94.73197957296044,5.160766497226266,13.022594110110369,2
40.49940614958173,97.33319096993783,3.86511685430858,6
80.8969602506749,70.38177420203567,28.80246323956094,6
97.44171231088467,28.42986844115174,1.8807516888040343,5
8.07352800027391,20.447475501396607,1.9645019398316488,2
65.1669467934994,29.608791865459793,26.94468576545107,6
87.14090867412139,87.57257516664424,9.02286444413025,2
63.42344339667283,29.13901731959504,17.910600985414504,2
42.90261213574127,46.282113455723575,8.624265867219203,6
43.10763576379383,70.57380542422325,19.462751268825947,5
3.589888600735891,87.19898637238856,5.774081078100817,1
53.46007512892753,65.85711623461042,13.766083741544078,6
99.35429967868474,75.31091965344227,16.004765243411832,1
95.87075259719342,17.33267962959556,10.0092867086139,5
4.039922884216319,87.74078276911388,7.551018338068562,3
70.57970036294881,27.571918361811065,4.206200030136504,1
30.17648666969308,12.83781640565157,21.184330089237594,5
90.29891534061368,97.62442903406694,5.048481479832697,5
4.511474570927854,20.1639925454161,8.76379173564434,6
93.58741020110806,13.665197007797648,10.107262938495523,4
83.74757437877768,62.60209001017866,13.631003909390103,5
11.750438225260151,31.886314949609528,21.07706098650201,6
5.98243373172992,13.334920518049332,12.838354039611163,6
83.4707664326936,60.1121117215876,26.132808643064504,4
15.575767097457938,75.89852272222355,20.393569398605536,1
53.48981529758705,79.31983742071566,25.1546014839054,3
91.57448578787096,15.551260101227237,21.49061883992822,4
56.74481135493233,55.686706793994226,4.458953995112989,1
39.72333014728241,81.36783706814606,29.337819055922704,1
44.50160548539922,16.108701142418525,23.597587973050967,3
6.311717070387102,20.76822517706749,17.181653059020373,6
96.87523213615988,0.241139743167762,4.956928222143785,2
31.065418508108277,52.46341563952881,5.180419457369235,6
18.936349167285382,19.46816968619509,18.42993524580425,5
28.60473018403953,72.42425757268991,12.48591399006034,2
96.43731948914788,96.22138556176057,20.275785015454375,2
9.428605348800701,20.875548899907027,11.17283174699108,5
86.73030405011814,64.90970117635327,15.385355143697847,5
70.78438944014478,21.183446145851136,5.638741138918862,4
83.00191791590281,1.8006858979704,4.656034328814798,6
97.58975403678963,75.85541942145848,2.269342910954718,1
84.21546555168719,43.40046766508928,24.589179146956567,3
94.33823512778528,94.67868615146531,16.66158754738984,4
12.693525679091977,53.42858821434056,28.414231197199868,1
79.578856516697,15.748286897568399,22.48458844077984,6
54.567569408104774,44.97744417972779,23.06289480748482,4
54.349559507986065,20.28917948060165,15.271753025910463,2
89.89215763205137,87.80292726865746,24.46361809576952,2
97.18038186467113,69.09031808875248,28.261903359414504,1
70.4838323043181,34.12388046547036,21.65220757006313,4
48.29383894717839,52.78203228071404,3.16766822661004,6
45.64038579018453,66.94801882130285,19.53059577760519,1
38.63414572231818,78.28577166454252,3.612996367232758,3
36.15990295726627,8.014720987054169,2.316672672560035,4
39.15068416844314,2.2518841995246786,20.787012153478138,3
8.975323525119528,11.445269716988982,25.043562957721157,4
7.743608526043822,39.4996310172563,4.765244721880998,5
77.98698438723117,46.6706610082092,2.2244582389813417,6
44.607289292022614,13.646163021384838,26.595686825761316,4
93.06844885446205,41.11531378996053,3.9662801097260667,5
61.22210085939525,44.162278636183046,1.052582812312115,2
3.517598218441975,10.908996367748669,21.63163106299467,1
15.752334131747947,91.6659960195734,25.431466622860288,1
20.581979301300755,59.91459275877076,15.434200243926789,1
97.57360243896606,38.85355304562821,16.197757322813636,5
21.870422615163488,50.69071834722067,10.105815381821358,1
51.57556762880513,31.419748646880674,7.153895965986977,3
93.61769316401961,85.4331031644593,22.656962105267585,4
97.71927299143573,57.501504156850366,25.478532243631278,5
23.636043538354457,49.489581439354346,9.637342744955902,1
4.911764375004013,91.08854030955976,8.214575546269542,6
15.36018325377585,83.79796982340677,8.033751586351503,3
6.332847870255809,81.28018914258493,1.5178625406706836,1
19.51242410923364,22.560920423184417,8.432250745211432,1
56.85697147037354,15.312311146835677,0.7695275090701503,6
91.24487962956418,69.00965197127476,23.652228674051184,6
53.721888369434,46.864225634139586,7.677804870928799,5
62.59895566990807,68.37127129568435,20.70465568054091,3
20.18672516095411,76.06272321111163,16.295651566216684,6
80.05836206738502,29.531350734475094,25.12390889931596,2
61.77889085055832,28.46504331228087,28.81136182671065,2
86.41368291927249,49.08315662581837,11.01874842387495,5
94.88431070057841,27.354931352649736,2.6502245966891147,2
34.790077575659225,66.72952760161995,22.489372931577684,4
9.057905853543936,74.67304458807168,0.6390697859755012,4
22.592895791678245,47.203894605324436,6.688900034587388,1
43.78415656758372,72.37997655986432,1.5975200541941559,6
94.56936518244733,51.04375690707762,26.944451148594464,1
37.83098223734152,71.28717219670092,0.15891245104716845,6
77.077321366537,22.496824779572535,14.782264950456955,2
54.0476692170755,73.8843045933042,12.719973814769403,3
18.280877043097654,71.51240234570177,19.582339936444185,2
32.07341189534516,26.660570704917763,8.692322657077495,4
65.31918850228186,55.5970991040175,26.21086201408375,1
67.28533946848934,85.53116678744016,22.0303722474418,2
43.47597468090461,24.952264697243898,12.968832779766986,4
22.864560266211463,73.59797840146763,10.740787485376242,5
72.19067795126763,95.39667171468871,24.476647424927535,6
16.887304161271476,86.62419197575649,22.71180895607312,6
93.66696918651266,40.152008268027615,11.970001740721424,6
18.79035790364767,60.720773298813846,10.241155878303816,5
10.731236283252043,99.17701342527039,1.1666396898762643,5
49.76477023653788,56.84374113757185,2.4512173632043686,3
51.954959810969406,11.502760243036658,1.6175536666270407,6
50.81929147782448,4.543075477876091,0.7324645904408045,6
43.666748933883945,79.03145097440284,4.586171464223428,4
99.48148928296084,42.36283254018461,25.714254530417247,1
48.628061267058186,24.681289062919443,23.944779322675952,1
47.7946580739831,34.7672030660947,25.367215434845914,3
42.17660627145613,75.73728665464523,18.714010842764157,4
6.68257547014629,46.52473356338292,18.7218930372201,4
59.295663114961606,86.84994925258765,3.7179523965904995,6
22.796777222318244,73.49255887776994,20.968960609271605,4
63.76089802290499,97.4014150445425,8.400792326114189,4
5.083346194847715,88.85037667898433,15.577599893586033,5
98.13871012530016,25.454721178600913,28.641678114025723,6
46.90050790126722,65.90592328025534,26.118461829552817,4
89.67553715906985,2.0543034528143878,6.995805218873764,4
47.55611732329348,99.11067244295982,22.099518471008803,1
6.033081857422173,26.100610880259655,3.1227224987763327,4
82.2213546093807,66.4795093623584,0.8022745723209779,2
64.81837296671344,84.91536211995653,0.8452282434558056,3
78.17570475739451,16.046466272797144,5.107394526540371,4
42.81698635088733,84.78793428104791,20.848452062813788,1
63.793674424664495,1.2245665790822424,10.89917680374056,5
85.62290037966075,44.19771380854074,0.47827316900075356,2
63.10654428718875,47.203762253113844,29.640678941305257,4
34.76736348359033,37.40907132587359,16.001352096959796,3
66.25295943661999,58.63847463004998,11.816406453339527,3
67.18541886140673,91.48423487026321,15.565496851464943,3
96.0586962506625,32.69891143002891,15.599127295756496,1
37.09123215416692,57.925988716642415,14.107097312789811,2
42.50817675141312,87.74625257433229,18.38846713394912,5
81.21229611870592,77.29953951013782,26.568798596049195,1
50.576231474274124,4.0733264805496,9.051410762312596,3
73.6573093115733,94.27907641276623,14.609058685378866,1
45.9709464453592,4.664690425861274,0.10931988590306085,4
21.549514181270048,58.87584743743296,25.794428439546078,4
74.52038427810108,57.53536203151648,9.177116667393488,3
13.115516918470993,78.6390230702316,8.138906949851068,5
19.85836635313081,14.844305184897767,29.92611507633104,2
62.68249827842086,17.937039206270377,17.53178816235564,4
74.72698001920698,75.21069327383604,3.691297384229708,2
89.4687886867815,14.950475241162508,7.96574909680713,4
27.25864974158917,46.944512706563955,10.59679764798934,1
11.072425860055436,73.16480902109319,29.58180143611962,2
95.6046659522629,65.12419287826812,12.918650337445738,5
15.442308802214244,21.060418611309515,6.904019648784272,5
19.76669822546395,30.396025868608557,17.091929022384516,2
29.132945355846573,96.8974903241041,12.142789741710313,2
52.93913540262874,44.86706201548839,1.648811644256113,2
88.2825566034078,4.445747643638054,25.827588373629766,2
76.0546022729867,21.958489946633264,0.47062581849911744,6
70.81575538426351,34.24350896618377,26.9545090723643,4
17.518056785600365,99.94894042945859,23.755761108054067,3
35.76826315259743,30.26915474769186,2.274696304272333,3
47.840492608667795,2.6395848782544973,21.708332334391617,4
14.742595348558584,51.292157755533594,23.128250464179565,4
27.34297021266725,8.360538497397707,18.069212202860534,3
30.833320395284424,27.406759869572184,17.330124004683697,6
12.727619832903924,99.23831760939392,1.4906107874392216,2
55.02396919082576,70.46385189301544,1.7848911546834767,3
70.50281965241929,5.066662928287036,21.818659495070907,1
6.993163147686121,44.8686718591796,3.1669553675672946,3
48.11231017631498,17.16375126288493,7.255323021194327,6
78.2211195267795,12.294465640212128,14.965097814700762,6
74.79901289524469,58.7065413348802,4.924910208380448,3
81.50730962187541,50.56558896402157,23.69518681650077,1
44.824063317060705,74.28665843155082,24.22134071337266,5
82.05570826398608,89.23062282318597,25.26429633782676,4
24.07530712142695,24.668185743166195,1.4870436232411488,6
36.08105614175153,92.2991986655397,12.836194837008732,4
17.63555764178013,51.799177255409546,25.407530181430076,1
46.74845394285718,25.883491818511718,10.896581709200968,6
39.206002241544326,84.57858381026094,20.874611349690674,5
24.09271164143122,3.55299180290225,17.677377125700286,5
75.17807092307815,55.95093774729606,10.416258501215358,1
31.384677211164657,72.16215350299666,8.292144872712711,3
27.280433014583572,27.997768715614324,19.582292762982203,3
13.089033085049506,86.34919175632179,4.008724110086909,2
43.88217018019487,24.028456335798488,25.80367557263276,6
30.2964628837302,83.98742827317392,17.293303232421103,2
36.92728413409686,7.854496383245724,3.345105153775175,1
23.599726262055263,15.99275918684313,21.10582935580091,2
76.31554898199005,38.098458390190814,12.933376496472569,6
93.00033473547174,85.40555127981793,6.122442460895271,1
49.793185278888764,14.458536512678243,28.83207878774598,4
64.29984233408325,87.54382397942415,21.58943355043277,2
86.7172276606706,22.97315266127937,17.789808699839885,3
99.88296373336586,45.250839859452874,25.46601543178085,4
61.351648472983214,35.27344042603377,16.316093696464577,1
88.97794665398688,11.812622661452355,13.244118369987115,2
90.8608246555642,94.43097395191401,5.683405795821249,4
79.14514878076223,43.81782907522135,4.60171275354536,1
46.09313910731102,69.03312613561945,12.959079491155446,3
8.11540004238993,57.52676766640311,13.679237370825474,4
1.5805555440133845,50.17159168522074,21.999375156921815,2
47.72006332829246,61.657762355684895,13.262550301106291,1
49.43145335346178,89.83423062024289,17.794776016962533,3
40.73623878629723,69.93123756941095,24.975555722287382,5
56.816735129136454,53.24800794552211,29.80004086531625,1
55.216270330442704,64.51859606659764,9.675759454538474,3
83.6613041032693,60.639428050902154,27.05863391185106,6
10.86571032622624,43.31212074863131,24.18152615560797,3
22.517766610554546,62.476401013045034,2.0402007095865926,2
79.30049789596303,44.35698001641636,10.024767925616738,5
84.78368672236546,75.76143778719123,6.571288795031501,3
99.48242136208678,96.89124835222856,19.93152817268994,3
87.29120163870842,95.98653574972292,16.658974086530648,5
88.9899007072331,82.07357864249805,14.845531577686609,1
31.434794262990483,60.175889705948514,22.906912914227327,5
40.166163400937634,74.93319880707405,9.999260874359502,3
26.808510482055105,17.804829525755437,11.482568866597969,6
60.62993981927156,47.90184573139226,25.969018446763478,5
93.88053542070384,25.730476499136433,29.166255277800197,6
34.464088651161774,0.3494981109347095,23.290720223034967,1
55.700178188145024,96.6737574672076,6.512129243316788,2
29.629963045348507,86.38485618518413,3.37954896491542,6
16.97999737727075,51.369861846992684,6.27615443297406,3
19.518552981865568,25.415228811900683,12.682840950686892,5
5.794534453812994,69.29752101992366,7.100910832429147,5
94.92935230092574,43.48010845499275,27.031234442160354,3
40.28796085076296,80.33495334226994,20.121687053023205,1
83.41208920021081,99.95181101809494,12.501877343490422,1
68.13294726896912,34.908260748987004,8.214351985846823,5
19.19211614110854,24.440304347804776,11.419830154228931,1
17.54622465790878,26.738248879475822,14.281517861001907,1
81.19882015105449,9.334624568067195,21.41467056527186,2
26.471171061953736,39.40461965001554,2.6802467468663673,6
91.32851837019757,1.7425052716909306,25.464988193668372,4
14.005540468949063,11.43955574012756,3.8268009339053997,5
67.77086144544695,27.169574727267033,7.873502459173137,4
81.44738760309339,15.986277590948072,29.807696873177516,4
23.5256388415645,73.21590995007253,5.706259021327535,2
27.620736345656603,10.560479086790032,3.0342656335903695,3
96.45188861392016,86.59941050245247,19.15215905756395,4
26.459760534615828,22.111450371095287,11.793872395536747,6
42.99570499000478,10.859061697156768,2.755063028055261,6
43.25155932423661,1.0106644431258527,0.11227285047135105,5
25.303474992968354,71.52050043221465,2.3748472914443344,5
77.57910864370905,25.6616745938542,15.6820673631572,5
77.18493432291552,50.94986051377748,6.926788353928268,5
37.83180142237856,11.161604667215574,23.326564029568495,5
83.51257910807337,98.52959232362493,25.725258992152288,1
21.307493439900238,12.538473906995529,4.34499053145883,1
0.43057756676786463,41.19259266418782,10.110596122034105,3
57.11673620557411,85.16495023344659,4.397223764045925,1
99.40777724523785,24.48869484804068,8.600781107458417,3
3.8644309826884604,26.69717853461734,7.1761325625171395,2
20.799807370846057,80.84995158907329,23.605947028115597,6
51.89146424870842,27.33396571920127,10.364390340421986,4
80.99407364448706,0.28713110948129783,14.86694396232529,1
8.904200507505323,42.79137204899498,20.216853164189445,4
39.52346537588943,1.253520967847499,24.667699474565598,5
74.70758006298863,90.97922838293668,9.036272709673554,2
37.15432084063616,64.18132241792209,6.276620031120574,6
18.883642047563896,58.30142662212422,29.35360121267603,6
19.54958273965873,20.15895108623631,9.604426339424908,6
41.00487869149943,69.99461854286363,20.132042975426266,1
47.941707480589116,67.72546436783458,20.335231220334126,3
86.1814417816014,6.046357392536494,15.42088336798623,5
64.22524185679936,88.08465308105725,6.8534233645367095,3
69.04019545155015,57.94133629298055,4.243722628625287,3
98.2987171535907,79.24668810386102,14.610484347432934,2
41.18434403009738,26.291407212884423,15.32788610134131,3
40.33544032491283,12.204779975345414,23.20100270324393,5
92.33469677258122,70.24495731867846,21.295003318565804,1
24.587558700505863,79.38826862551622,27.361238365076,5
72.98152463028667,38.60335336192914,29.125816856628948,5
75.45731382181347,2.369227531631124,21.83553978598622,1
9.778799744544308,81.82540246538646,2.295337464907602,5
46.8231405693584,20.609390633044068,12.153549276513077,4
20.056247132155402,33.90319418974882,18.264071095220487,2
18.537527280248568,62.82310077771302,17.705852143498724,3
46.38281104628762,9.995471921130273,5.443313574917945,4
28.942970750806495,7.199576613846315,17.488341883526143,2
79.60604476258709,2.570377157527426,10.490415236443324,4
90.76048913904825,91.66398602394554,10.167805345311479,4
80.27206052883656,31.138274426865564,25.020210159037084,3
26.603087262166525,66.06588151171319,12.6579947600466,3
27.413439368860836,98.92352490177421,15.821878621933578,4
25.472835011746742,66.94507935619434,16.886185831034364,4
13.503809605623607,52.509479585618,16.889903395548487,3
94.37983681037112,52.09199335172385,6.3936454135011624,6
40.204779815706935,37.69171484555517,17.983600894470214,6
22.468947454587372,59.97796559550853,10.038708268323587,3
84.66710505082435,95.87913895457044,19.650608837885088,5
39.919530265779045,78.80440336983101,4.370927968971813,5
3.511681110966658,42.42266170332375,29.823467839010085,1
16.19415702496312,33.24448290325333,23.16129874360187,4
63.925034035617,88.35315296231214,12.517543004529225,5
78.2905274171724,13.578582562659381,9.04055552592849,1
21.093438848871294,84.95852569643017,11.634061044535374,3
91.73955892661422,25.507676134233236,21.636248183216246,5
85.09971200521645,71.56292357759177,19.662233987536954,6
84.83807540610809,80.622058077483,21.06277536001762,6
22.76611467992141,47.699651726347255,26.669975863546178,4
5.053598865005771,19.228397614227433,13.688856789312279,1
86.74235394825837,84.47677434623753,20.085634453429943,1
30.580022873856738,36.750834505331476,13.245238648796049,5
61.891638117352585,32.06802604825193,19.142942343596296,5
75.996688370073,51.00161823534396,14.244709108888415,2
12.829325851112017,43.50862411039177,23.299908820136793,1
78.08383545190479,68.30522170387242,0.15780369851199127,1
93.85114589610659,13.719780837266537,6.4713286736934545,6
72.83749657464091,43.5689654047873,8.893128754897337,5
44.12227484805581,89.1701811225204,28.361835187533487,6
87.66781387517028,3.606270943972545,15.211386389007536,1
52.745763007255896,45.73383331533264,10.930556399944237,5
74.47709278167541,66.05319663852102,12.129363468410157,6
82.0505943858604,88.77110870419853,13.554668502976089,4
74.93528616990059,59.378622693317574,26.03491170341913,5
28.785487604815398,82.44842712393286,28.870075970404134,4
11.784390090583107,22.269101895928646,25.32493919220692,1
23.833852936206014,35.280943622785955,25.249702902568455,3
50.28749369803533,94.21322739280427,5.970453328663837,2
50.52769222930959,88.59751130926863,8.06034215286766,1
58.264434931453756,55.795298268870454,17.881475416742973,4
39.51018375478908,47.548833779484525,19.68412240323933,6
78.68913814500277,45.10673914544585,6.08116120338244,1
91.31537503472077,5.878966156701604,22.388456182395522,2
24.672505347947126,89.23771039565669,5.998906587587603,5
73.6523217701888,81.81495084153354,7.8903193976824255,2
67.79718525450447,45.62511447278671,9.20386613944832,1
52.3090499279315,27.94399727194734,25.37974249470951,2
18.853023387416023,34.292060642653055,21.9625169061265,1
79.52322585827095,12.316058587288946,15.920563071725441,6
96.06262856288326,72.17897413057226,24.592478944046857,3
72.18363322336134,55.66698565548577,24.387847420077705,6
91.7859996625734,23.410342282489495,11.694992878461703,5
98.41852649479998,62.30055720776897,23.4431186246226,3
35.20506742392382,97.92302142549747,6.187283160049725,6
63.822355292633695,12.23951354761792,15.096865498665279,2
47.3932737638078,45.848501062532776,3.547251911660111,2
98.66287468632301,49.41588209221267,12.80383456773774,5
9.380782400772492,16.67972138238024,15.61097309301572,4
41.23749142972246,53.15802109973148,2.397550737482108,3
87.55390445272361,60.597725854809006,13.878382851952498,4
28.405131052651544,15.73445388184953,19.55011628880399,6
78.77928506388727,15.47238990088764,18.422647042342135,2
38.27831627802557,85.6348715633756,1.6306166367317099,6
97.99785398901582,31.138743667004487,2.8601905772460325,6
88.35298364237076,63.033338707863095,10.540687378654232,5
30.132035766261534,62.67730756752141,25.28057168748317,1
77.01931135378551,83.9170875582635,26.092681595020874,1
33.68565438332687,73.98946312315235,9.288386091237781,1
60.63628402155351,84.05764334382778,21.566762557243692,5
65.8480768393292,62.52147896506657,17.321717770549295,3
82.95954090857049,44.9457160513994,29.502667762782977,6
2.445084088201488,39.35665213130747,2.839317368690751,1
22.015789115229968,37.90297666614359,16.436422267207647,3
71.19178105885787,41.83930979091578,17.776129466137615,2
56.35232369695373,12.930925215377032,9.230057128533483,6
49.56050782011431,42.395837100316704,1.4085974247441235,1
5.520995670798046,38.94449072026212,1.5631360706347808,3
34.827588346145625,3.457166331823147,13.608541626019145,6
86.51002319106483,27.513075532634,20.774213683317573,6
3.0892837036032184,75.19069747402169,21.005273574093824,6
39.64362353648121,57.79455714096253,5.429095491654725,4
94.51482876707726,80.61674967560302,25.73916423017359,1
5.088073454501463,54.26880443807649,11.314872779092347,1
74.97057510446368,85.40837654752674,28.931037059172535,3
25.761261618203648,79.60670996017167,3.5447890327691045,3
86.66088321536725,9.828457014224712,25.093640959064455,4
74.60679789593651,97.70063680159925,27.250144597363434,1
88.57051708583629,1.4747446901328787,24.680265784311942,5
21.592479043126602,59.683803792961854,24.26523423599052,3
53.129275481860496,79.25115093167622,10.83930046214835,1
77.92699435748007,33.18941398509034,21.40029320162919,6
24.5699742994981,59.85697922971579,17.38039698033901,3
23.074630526721695,36.21225308474483,12.734373942936552,2
2.7182133497585026,6.061497500750191,29.793350881610394,3
95.85152939754524,0.8461519089330904,8.713641544353598,6
71.00168800546234,9.486203011118832,12.394320665633524,5
63.556035401018484,9.840959412004679,27.08583112014352,1
74.39947226949909,61.088977739375,8.670248372888224,5
53.16129186954394,52.58652309625133,4.580434263856134,4
47.613382109041034,45.546330017314204,9.299992490084552,6
44.95322411235209,69.19214756024175,22.77935031305373,6
64.04392121036413,1.6826137012448394,25.79562029106798,5
20.15349753923832,27.09834814157309,3.4333496286708334,4
88.80586950148697,77.73927312876279,18.651380432244796,3
81.17523712192651,90.99771065171186,17.018607167842287,6
34.95636114520339,43.83365962375816,20.06393356540095,6
57.860929681252436,8.148398013846636,20.13169113380388,6
14.10272999500146,79.8728739228488,28.78402410799585,6
97.2346247933598,88.51704332727336,10.395876252802179,4
90.28926876302835,41.366027069371945,8.993007652073363,6
92.18975064992004,24.3355253920277,17.436758574654757,5
33.21630477034516,4.39716682229453,12.882553777159853,2
16.913470738285575,59.10828218948559,14.212628169377348,1
21.177216346631035,90.98694905624993,2.0783098051347837,6
9.000139104508985,67.78880255203256,4.44726530860779,3
12.011063010138434,31.724859789473435,28.061248097785857,6
7.130453418484539,64.28883242899668,2.0487435501036524,2
98.98230692048735,83.20684074480255,17.704367780418625,3
7.405768336907359,47.58300593494579,22.637250870536707,5
13.254208095141362,81.97484899978386,0.35590585322482493,4
82.72545955907364,39.190967666635416,6.682444438001545,5
58.02402167429431,34.85056785957706,11.312160925481603,2
77.44172045693324,58.2988625878554,15.204523412060055,4
63.0912007772655,46.468641769448126,10.247858842669812,3
88.2175070328948,97.71119204610832,19.4699777444715,6
63.846752776474055,51.63894235281747,6.7919255175213795,3
52.21250929031509,38.51720289160215,0.76448809287057,1
71.27496937612997,39.493354312853626,0.04713152454762448,5
44.73927517921095,54.79399506131166,10.365360358489026,6
34.60638229047347,35.491203800819534,10.849883975827414,6
46.76524524502125,72.29066019649359,28.458123521596317,1
16.971410509856067,38.06629277016409,1.343421375607089,6
79.65717298026914,38.41443865252431,15.901951804055432,3
26.070378133594463,61.69732493768046,17.33439942791539,6
15.353154633704747,6.084687269600996,20.978250356931586,4
24.63522417832268,65.53549181151462,19.162038004219816,6
84.20701517722398,50.49722171586871,0.24418481171828543,3
33.02012955977314,45.302611428664164,18.95573020227035,4
68.60498695059002,71.92529907079513,9.671638190991963,5
85.64096306557393,75.82557820048609,23.186068840434057,1
7.774466692504212,84.62608634124594,5.650961584070973,5
76.50244051780429,37.48031208174473,21.48616955931538,1
30.766546637903,32.70376922533811,18.76486001067183,5
21.66223641840427,71.43421014945194,19.56872655982425,1
68.89014524529722,58.18048591404459,5.278430612626628,2
90.97966227332338,63.180154635181665,20.075220039973868,3
29.50192087123954,55.55229071058353,22.109352259257445,2
56.88338053843191,77.26930232038545,14.682307837134168,1
28.983411384949154,19.004088849215318,10.210970489626357,1
55.42855857264279,55.57121327413967,4.996645478645276,2
62.18620306543406,15.81017889436298,8.698815753322217,3
61.03353887901798,40.72519392909919,22.914850873575627,1
62.35463696427459,66.39938234160748,12.282021736387673,1
13.507979221752409,49.30716083141704,21.081397259797725,4
69.35404695867196,37.959153667218125,22.202739749954603,2
67.47503563802233,88.4970001415606,20.22510672372869,5
68.25881222168832,77.28257144974783,20.206152710488453,6
7.407055273870633,52.629078500037494,18.324246129781546,1
44.683884241415264,95.00531556754879,15.552659361411406,6
40.903513204572974,42.43652894349938,5.934500606108093,5
8.671148364319913,78.8072927588106,25.284101607655504,5
22.23679278968107,16.793623980141792,28.92792517462786,3
44.09626317980367,28.579247711059697,13.994521968004989,1
74.29063098580822,33.808558133395486,27.997162676539673,6
23.70620769846632,10.582075270452329,29.939836131698502,4
82.97499101249115,50.180481507606785,14.585877377574619,1
54.579828573946344,19.226013412649568,21.73066121249904,1
76.04216851846175,63.41858894496586,19.31371014751568,2
47.25559833368571,19.00923595730183,7.117944480022417,3
49.919422542222335,12.350625733927533,1.4126833126295635,3
61.97193893796402,96.90867275989245,13.600659335233704,3
92.79706081658242,65.82403058111062,23.616149921888166,6
49.181258141290996,93.64509147084885,9.754039880690907,6
52.8657538108291,48.9887791993232,23.53316163579553,5
60.19969635275295,3.3402463063374244,19.644050458888664,4
73.75151372977258,57.43711704314439,20.866240554527618,6
7.185033548623432,55.83288868357085,8.5722266513217,2
51.56874385219721,1.4975605936593972,14.101421485291407,4
48.15915892060435,86.12420444018316,5.4511140007565135,4
92.16849842375704,61.997068061642466,7.397415842391792,2
49.35065804363411,74.46911693761461,2.6955012927724553,6
46.8320534694331,49.39211061575146,3.803202188886241,2
96.2199988534702,61.8402437908263,6.315404378875096,1
45.05764636008816,25.74698932285242,17.40702634127511,2
18.088443032209035,97.37577677686473,13.236333586429193,5
21.69161228057883,40.07200075476651,8.00818537696686,3
9.518753833697414,16.232662133762908,25.833373406930672,2
0.05681292589444498,5.591541837462732,15.754430740259584,6
43.19456610004819,63.61719330853711,27.69328420907381,1
76.92425812982215,98.33798511764557,19.04894886832703,1
73.3466442799836,89.57944968462816,0.4736278958614992,6
3.2149087802850196,70.21045674864136,27.404270730470856,2
56.99829035940329,99.05979289928608,25.72390007042479,1
15.4283125413476,72.28282620421065,19.058136683426977,3
94.10762847646973,33.9251123401396,16.04320667192454,5
16.736499964417927,60.121813306017316,13.587782199557552,5
62.66392176974816,7.976664248556153,14.46524537300495,1
32.62383621640568,22.168249022254084,23.07661922527049,2
64.15613259643523,41.75402359284922,15.394248070760574,4
41.225859646407514,20.181849356304525,5.280740961073219,4
75.96430523063947,95.35010148281707,1.7453270151897815,4
23.067912532785783,99.55975267446495,3.785588288595374,3
90.57918529142601,37.093592012166546,7.543233265121584,6
50.02096493133521,70.92289860771986,11.032023643191199,1
75.60931477128528,40.77707306632406,26.77248036525626,5
84.9730191401227,13.95092043862064,7.17261696599004,6
99.8828610954805,33.69268477021086,9.587956740076043,5
22.394566559395823,23.33716987156632,6.6904361858032155,3
28.689241356345484,32.807822040741975,16.372254561184,3
25.043308673188825,21.502168839771652,18.512600888834605,3
26.287133215978265,11.23451190582464,15.96382595691482,1
58.244474153937745,21.742842936241292,28.555699536508207,2
99.3522523145843,90.57570318298428,29.861340529623728,4
99.02780870927545,8.522167577652873,25.1218796941669,4
52.67732313623077,32.47566437552345,24.158884346709065,3
63.90272102646738,52.84498945026353,10.981583302488257,3
85.9970543701606,35.45126561783568,17.39350518485995,1
93.29334584535052,51.760709501888726,10.544172568466553,6
20.38606273295439,4.342006023435396,23.53067538521218,6
52.85417289424529,64.85696333643777,5.15493417275508,2
83.28370546615122,56.34788015560602,6.500151428839292,2
30.320207663459165,68.09662658546915,1.1608221261092655,4
43.98090424804667,56.7257815827237,18.26819020013977,1
98.5621101512008,43.79035824256632,20.65614776366871,1
98.5046696720871,35.01415422940825,0.10086858694136391,6
90.61068107651816,22.64351900997762,15.323572919827518,2
79.84483448280577,50.00677268066126,11.306236154693218,4
26.913050072280576,2.6052452377506974,23.77142345456303,6
32.085007406718745,32.82408280993258,1.1667223799593018,5
54.72828412048747,67.78722935645294,1.4569706645423564,2
56.07773745620121,10.871703968635927,18.606272961776398,1
50.5502819357067,6.289124231952858,17.74916563739292,5
63.66702799163061,65.21786052913653,24.932700689940308,3
40.83230226329888,39.777472114235024,17.768006674720834,6
74.91741573155329,80.1825036549381,28.48112485774504,4
33.35499264783554,93.73113039713239,9.431539267032662,1
33.06769969463525,95.7040453732577,11.937642192144008,2
12.7225961891828,42.55928538941792,29.330239995087496,5
18.871221002891925,26.43272242750323,3.225727301153344,5
85.05208789213576,60.8613738742478,23.877145595888386,5
44.628233858044155,62.819292592823636,0.3470614398132088,2
22.786778655283378,62.23449360758967,14.595397482100568,2
75.93411000223874,32.17786137188811,4.602070121060234,2
55.39811258168594,6.375173641730303,17.96585111184195,5
2.1156011423293486,21.000483882559895,23.94509909123484,1
31.636145733671516,15.441942802223373,0.9912690705206184,5
17.700141112134105,12.390034578331022,4.913181797752357,2
65.58728609828405,92.6283321071573,10.278311434857073,3
27.503104063025287,1.3847645973967926,7.673968975670219,2
6.494677920994363,60.18577392363217,11.496596694187653,3
5.493498919766926,94.74737957401368,28.556048994523554,5
58.17272979587149,36.00531274941279,3.0361838232072147,2
2.1723455704089623,52.70980891724625,12.698463259973163,4
84.87921131360888,69.57836634751597,13.712741148227485,1
15.539711925727563,31.716969465823887,8.410261554874882,2
60.65663351954298,47.765198770724915,8.35519673062709,5
44.46880280107457,81.7102850332752,21.44256485247962,4
44.28515212319025,74.53556652802635,18.53531527952948,4
7.179714236004586,80.84494114928407,24.38496059199459,2
80.27522502122156,98.7340163627656,12.152196674341567,2
89.30524847532526,37.032747493617904,18.201330809390193,3
1.1016667384228462,74.70912629357731,26.807644220477535,1
17.86041756971177,60.27845671019829,25.539854151491564,6
90.39041887954788,66.66047672211963,27.600701774998768,2
54.94936128000582,73.98739048329345,8.069250675846748,5
15.003957824821013,74.97313169463148,29.562635535963608,1
20.279045260915886,88.57451492948196,24.491697464142497,4
65.99862442371142,34.93216752360554,23.8442341812391,2
72.4816822246873,65.34813561119105,20.027358028759778,2
59.94268085799352,28.029043159685585,29.498039201161962,3
95.31483799125257,59.45687051169751,13.246896841394411,1
49.4063603661777,75.11751401719279,22.24617914287232,1
30.027191214252667,79.10010861616404,20.964338639655644,5
47.723290997579646,42.01245029891227,21.962667193411967,3
35.966629366661095,50.872022320135976,22.5439444250777,4
22.441589267468633,33.38498511701729,5.722676733636401,4
4.596324934014007,16.903634653963053,10.471544091072069,4
35.221249356512416,26.05174051925322,11.767619874777148,4
71.14093477097423,91.21370048998244,22.43999441939886,6
1.843780287519381,30.896954240931596,21.48743927157913,4
43.91785132059347,97.47593335456102,25.000986157071576,3
64.40094014498683,24.147808521538174,23.655574736710083,2
61.04041091743072,72.30710874810448,17.881016381682322,5
77.66484358887159,57.39032935718357,4.198454594623275,3
81.05197156597976,69.68700495247985,19.063657776970953,4
71.17058209193878,64.3957946609181,26.611778509124374,5
10.279769614474944,70.67485835975891,19.295230901691937,2
47.50224440043607,90.55470484354589,26.86879285733225,2
60.34059574876086,56.346949606248145,29.97159054410698,1
24.55660388094516,6.78487829039952,10.776066990705989,1
4.255181764677651,27.082543444689954,21.698690830435527,4
22.359032087604692,70.82189804087639,16.19875897801516,4
45.48944017326389,49.407462797567334,13.649154021244968,2
41.393031905460084,54.85519826196869,7.196012360773834,2
17.666698132716164,59.65804553802915,7.377437879877931,5
82.44155426834928,38.262927298456994,5.5491686027991305,1
92.56866687367246,77.38955250878551,18.944505194968244,5
20.134831905271522,72.35348838965486,4.261592899293092,6
92.95729155672217,71.42994121931139,12.941594094511522,3
1.7860959175180824,71.53101740349447,15.699997178165823,3
92.49624727069454,89.03580016542479,13.147034315669094,4
95.19287900809078,59.53927794432744,25.647885404217497,1
1.2051863015925202,96.70721994969583,13.295080793815808,4
76.3019296776748,11.91926843906379,2.484962788929078,3
97.02015725698433,63.19589765938643,29.76598623517942,3
90.59022188177784,71.69265459357955,25.34950773180638,1
97.0710161196213,47.722041095435955,19.801304562179993,6
55.032350569763935,28.820838645693648,22.689708624258223,3
7.815613988538828,55.003745271109906,3.845720992645323,1
84.97891978050362,36.47476802907027,22.977443823095243,5
61.382825580901155,90.91240710678164,6.232468251362854,6
61.47367441882891,35.679241253325486,14.669283887219272,4
41.72536098586862,17.57069927021291,5.339483679728508,1
57.18419765211091,57.638914016545286,22.613548929965752,6
15.357977908611453,39.599259138036935,7.378016415373407,2
73.97700265661503,9.589814480084103,7.596252554750782,2
7.501730735154233,56.48423509979084,3.276670480208972,5
72.9780767043792,53.78464111657014,21.618193708916152,2
84.8978422624854,17.31970866331951,8.875338923426336,1
47.24686775644882,59.76381689598429,15.548400396059021,5
50.98303660570493,56.7358973857489,9.967306721011177,2
31.221427292207828,77.3612623041591,23.241037764667,6
96.94585837255876,36.15699298426344,6.794509694820038,1
73.31244745595453,24.87595236636393,28.22503500139175,6
36.89885533003449,95.12198869707755,9.64019924669123,5
17.480738623300507,56.12175227827881,3.1155486387225197,2
21.957959220209133,2.7139958884180304,7.209156984447973,4
46.392228611005,82.07116841117433,2.218227872015256,6
94.25684003143378,19.675806091894078,14.062161929772744,1
73.41463457609181,78.60363176458435,7.507536621704069,5
21.524374817914982,70.51624271559648,26.58138133334629,3
85.9561133418898,96.88137242631572,15.51385860660439,6
37.82005230096811,96.55793015945262,7.001053461878589,2
85.17221827525186,27.441062465575992,13.538109897148242,5
24.169959798113094,76.64495812234185,5.8798281642127295,6
61.86606119363176,31.685508577992394,5.361881277747553,3
92.6670488081282,62.91979388295943,9.01969410400332,1
25.789400914779414,59.77460849545931,3.2490439430684024,3
69.2926590585855,5.454351562116466,5.65942610732672,4
98.73126199571438,0.5181749835357574,28.141406189862657,4
15.05982872430035,5.776401459480951,20.00407904092386,3
8.84022907006744,12.79420475317411,27.63307990371797,6
67.41951924448162,25.765249134777367,7.705408244033513,4
33.973594774903034,90.69552232425625,25.710400074027714,4
7.124447736659112,51.86326753466864,10.868184205619517,6
47.530561788360416,79.68917388407887,4.325849433674569,6
75.37706796439558,83.83117521072082,24.141213000125905,3
28.512240041518876,73.49430985905411,1.7895039558825043,2
33.504687750513476,39.13851244205719,12.145585168048989,5
84.5699400646972,86.38593938409828,24.579440055349306,4
52.007191226148805,74.20497533209206,18.51554776339528,3
84.2731968806472,74.31514434050524,15.541970861990794,5
44.638949214370946,90.15743271655693,10.609017645107423,4
95.29751615601035,59.86634724576837,2.2516749116406065,6
65.07945897177368,52.857442996217664,29.729159581076964,3
11.589886531924943,89.01625575970753,5.243211801751453,5
88.50929882268007,45.44617281641968,7.6592542492813145,2
48.926519083079775,81.15706960288429,7.0774728748385325,6
14.163896797290498,5.384636044480773,27.238242200571094,1
15.269013384142072,0.1289944456322134,22.910651781705912,5
68.75339351098718,52.829248960435685,13.719893983180098,1
4.737250672948978,7.361189381638022,28.662691018555773,6
28.659376491381327,97.65430134530637,1.583501423593252,6
13.978759046986811,0.5501174039798773,26.810111436649564,5
44.10774296172843,71.81496364986464,1.812820070644775,5
41.43537719943613,24.338469578622068,11.733920878036912,3
52.18764346888559,96.75520052720562,1.6201463512946912,2
27.963632910253022,38.154165062789616,29.969069752730558,6
3.2043589378177195,2.728342626386515,27.431685075018052,4
61.43861065351858,2.693576540878273,17.543968657386934,5
37.371800288235136,55.33733717246886,6.535337219947365,5
65.13349987400464,98.67119790312812,8.303331755924077,5
10.866697080426846,97.97735350457194,13.48630098171361,3
1.377735529405033,33.72729722892658,9.683405474770373,3
24.829424788529273,48.2703649188897,0.6394171630482215,3
45.65473229940522,10.04558057978161,19.687680243514038,4
39.40719741684673,52.217685599173166,18.40283712279904,5
81.03025552734664,59.97015990482731,27.129321096565224,2
37.78376441928239,25.106166561132103,14.305621203163511,2
53.044117960307894,61.21144359151738,10.341268853951636,1
59.35155924421922,89.96927516962539,15.345515487533008,4
2.1831391645811604,0.09553334234805311,5.840849726875189,5
51.5133376846189,22.893377430794448,18.76621055474359,2
34.483125939883784,20.991956332393812,23.100986483704848,5
42.12801276832546,12.388620303382702,4.603851401270765,1
10.028739849525026,16.610121273710188,9.551496529059875,6
78.28205656486452,62.59125453653876,26.03402938099196,5
94.24042508085225,10.269439015064263,15.165952459014656,5
2.2268820629600006,73.85316090207216,15.955099400326402,5
60.13727628113479,88.70225905583834,21.672245911600548,3
76.38440672883581,92.6587724178369,17.336784456639794,6
28.480758864988942,66.01758143197009,2.0873930422145746,5
78.75555848632168,19.739641063361603,24.118851355891074,2
63.235505076630126,8.529657553990788,27.685081117454033,6
92.916263227107,23.20249538069996,1.5983169897243665,5
98.10048113537728,96.19571857850426,3.6374926937265295,2
4.234611399870481,96.23452017507121,21.059256066224414,6
44.49377610270062,38.191888391834205,18.134217975435767,2
54.69877875782182,32.57915410975506,11.475509969152375,4
14.674323320765248,51.00105822590654,16.17745946821114,5
33.62858304273617,29.16880914674007,21.100157040031764,6
98.76474477564618,97.96624516555633,15.13429385642788,4
1.6230456342471444,22.122139002457743,4.205649739069477,6
45.250793152438405,36.91426821827686,2.6830808739987058,2
84.26546217181962,42.93708757001783,13.16576205565145,5
32.39012627192884,12.506402308116215,27.68654273546501,2
47.97985027551533,38.282482677012986,16.733375241254816,6
97.804574578798,85.67307201019733,10.746602070535472,5
47.48768364757039,14.036100145675846,27.261185085631062,4
13.092131214649905,58.402195082618725,11.658964685368144,1
5.172149166639106,40.66371380600168,15.274394428031256,3
94.54165724399485,17.053672611745473,3.494979918861636,1
26.58094132750657,1.2336164449205822,22.122028365581436,6
50.40639065645509,27.334330348990022,21.009088714311467,3
9.07017660899686,6.182896069800192,23.82731978577987,5
42.365512055060506,37.67684712967352,9.755739402832903,6
93.01055192501241,81.02098556993457,13.081596571985756,1
50.24129936309384,71.96852608776125,5.05025134581595,5
97.1135151802328,94.73837117017669,28.93514628289498,2
25.883563723739968,42.70154173370692,2.5823204222364793,1
50.454523970393716,70.78013985918528,19.470399110244216,2
85.95307918093252,66.53417221020203,21.157721836955588,4
44.82523545537438,21.704630315825955,4.732094209529389,6
27.94873735701896,30.358250523265852,10.959696174914695,5
85.54753634178816,52.98295333977603,1.2937970028744983,2
38.9889468872609,79.66573190059219,16.69824772759923,2
53.07232910602341,46.18127344629326,29.848144284708724,2
97.65270664151457,22.774153617552727,12.896548704664767,5
18.64832947558639,99.34656902803698,29.700246611188092,4
30.14006367201857,11.557880635366846,3.7867627142688756,1
3.106960006983994,95.58889074913279,11.773630298033872,1
39.183770991005275,80.90462884304887,27.058949101454157,1
20.018343058485954,83.88935193078518,26.300864449724163,6
68.00349354078914,79.49175830914994,9.707747336093526,4
18.132145876585238,20.8170941304622,20.358317513049947,3
67.48127524058697,63.25823773952418,26.58480514673372,5
26.347542818931768,75.67498124509318,23.006323984596833,2
35.52178341211998,74.56857921016514,18.854285907987524,1
34.88606520463975,27.15653705440776,4.577268436800677,2
71.67517501636094,18.11193877636814,2.190080777116904,2
46.650926313834304,32.81229839145492,18.43866539449683,5
36.129889885268305,47.98444803773918,15.008269970673243,5
85.26227190394499,57.378074706367656,7.141099791944531,4
57.19506256412027,83.69503623191605,8.78309384877074,6
21.38308212779978,76.9034227704616,11.762615316042302,3
90.00912781436826,67.61505256665161,14.865625563675168,2
34.26502960336406,26.348929294276058,11.707769072652376,2
3.897937753732039,47.88804989349433,11.618750162578998,1
49.46002239744529,33.54358741279611,3.471984339340588,6
12.39380544408778,23.492817955053415,25.967712547660298,4
23.846644371574254,1.0245360383479452,18.27462245334283,5
74.71108726874111,33.946197057069064,4.383065538060356,2
13.075181337631857,25.61162677146215,12.716232086338072,5
80.69442243540357,57.19023269668166,12.501477360886366,2
93.69072881309538,6.2301770283712194,18.018626354673682,3
60.65321004079447,27.05195967102011,18.26608853547995,4
71.03591920228293,4.476948998841534,19.35666410939287,6
71.35866099074174,64.14179045134361,20.93709172031422,4
99.28079572704449,56.81895585686249,3.100621383870493,5
34.15382622016229,33.74800230744732,9.147666017184362,4
16.28565512427025,14.73346004355438,0.5204345751801709,3
51.91672349143215,95.79198327687351,13.639245362411488,6
53.324980983170825,58.43924473886134,12.88290233490862,6
17.791248829614446,67.91133665720679,22.02980790538436,2
61.31094189941395,53.134875326945185,5.013508398235834,6
1.412473347682397,80.6533247646205,18.944833713765327,3
92.76684024542216,89.63800495481213,9.200825937904565,5
26.457427782126164,38.27105435976298,11.457494244290974,4
3.956020839019181,69.00253122306106,21.578605871143623,5
10.824944147485704,22.988748454639698,2.14644145720726,6
24.02489482796417,65.18550471620385,10.283486667934875,3
27.39061686060452,39.915562997655265,11.739696904189556,5
3.280999949772867,0.6781599401304961,21.472479355550064,4
27.935481219372914,95.55278684226207,5.97673245212102,5
19.294173649348213,86.84415455387189,28.42238981071389,2
37.86209274345186,29.08365503460284,29.932858583824743,5
38.51677373559692,99.77573142328605,24.56730422460166,4
33.90077406028791,31.712767455653413,8.991375043905844,3
32.7923883530704,45.88441864590747,19.915999622185637,3
8.973127774125123,85.12590261744171,2.4944409509379915,5
2.520494712616217,30.459635132804085,26.138379471195318,3
20.21143001564666,45.05402843875,15.479786137808212,1
75.66494274166153,66.55871671232555,5.293174989593572,6
99.08097655511222,13.046755477242822,9.822496786851078,3
92.85261750573291,42.23503686917177,24.022282334639243,1
50.42193555377686,30.940993736162646,26.10680302281139,2
53.182385577793426,67.6774305864818,15.591401608032704,5
31.458156903584257,13.596939006037179,14.409345009320194,2
77.39394386376563,23.27314791009374,22.52204239659778,2
76.47566879326486,71.13762037524828,24.785688675556646,3
84.42723575824445,15.62243697241148,22.945404371874616,1
89.55045771968844,42.20192622398897,11.53284150702623,4
43.434924822529574,71.28807220926188,19.25777284827958,1
76.68755681071976,76.54683844300052,25.72079724812783,6
80.63987287958786,9.488117867166846,4.552819021422588,3
30.845962249775017,85.19956094194782,11.644100553448894,2
92.924224400615,72.39723011299664,1.698566516257941,3
9.434150263965545,33.92945886933138,12.266318570621998,2
99.42691791632828,76.380285233024,23.16846251755947,2
77.00907181588694,72.8298865340659,5.910853302767624,1
9.327090532432724,60.089122650838554,16.25661453373151,5
65.62296481050006,55.84811734058444,1.0975720026548141,6
3.4179410928260157,73.47034888995854,26.929499721949746,3
77.01869494441829,99.92599017054545,24.60014084701354,1
79.92229216590553,57.85522493158853,15.732275753611978,1
60.24102530914477,80.8717871762248,21.173609879158494,5
85.68603919165704,74.4273717315583,3.117484946065767,3
9.78832802148597,85.58084020338256,25.356284891921117,2
27.59238420408132,95.45248613841383,21.45784593215314,1
41.41775215926705,19.30832074608152,3.599021901752415,4
4.245795282809828,16.54596363951163,29.420678553563324,1
44.821608757116614,58.635182841490085,0.6759133261934003,6
26.521345611256596,44.929506288650444,18.85532587778321,2
39.2735012101753,57.072269291916925,5.152649902224502,1
42.51026319923065,79.80427344855086,21.5777294765861,5
87.94117334876852,93.17144800492464,2.112187619063369,3
27.034097052763904,41.74158251985581,2.4330264852934835,5
89.37431287162721,71.79326455436245,13.988752216893968,1
42.59709648128492,19.679918784140938,29.82028396205739,6
32.7807720693986,53.455194935452354,8.295487193119536,2
50.2512049335146,2.1804777780519924,18.37584482269568,5
41.77432863628396,50.3750567133097,15.557972231227064,6
25.73723130551461,54.533645912549986,25.263588289513127,4
50.26793247960669,73.54453357783312,8.657688231154806,3
15.180173307883127,64.94847902069917,16.648331421344587,2
35.19299430229661,35.839673430580156,28.518705453155427,5
56.57902193740906,0.5730900713121323,9.977574250081727,1
41.340824438985855,11.548587362294892,13.182167439305431,1
82.39123610507964,97.30606535174523,26.66439943511014,4
25.672176153516624,92.23331583153058,9.974965717033735,1
96.977157883101,32.509316308114535,11.420212939014466,2
78.47220208513514,25.885293992388767,9.123564266330948,4
96.75930259974722,43.641629369003745,24.28594125975219,2
83.81365548303042,68.99400296120729,27.911609113133395,6
14.210392585164266,35.68276726579737,18.93296642000717,6
52.646009063501374,6.729384773115554,18.708903937789575,1
16.99785211957857,40.27950924443964,11.700108591395253,2
81.82273526272573,26.05889944814319,0.37451248714490015,6
58.41621491832959,32.49300112112118,5.2181279647071985,1
26.344931435690576,16.295724578730443,4.4231506377070335,3
92.95989720071714,65.88400694456475,3.476460084391102,6
11.518605331426068,52.66309332452249,19.62141948160186,4
56.3862403471314,27.086311729535428,4.090468571213929,2
72.10405546667255,55.38624813062414,2.569018576101577,1
5.884853733243178,49.2707847167238,11.477445196855745,3
59.78560332062036,79.5974856566028,7.470679889036957,4
81.59012154630942,95.59842693402017,4.3758163690764675,1
6.752731441805338,13.067050897865595,4.38383626675704,4
51.22429711066271,88.39134789079829,7.6861712034829734,3
25.855717814874,70.47969382849021,16.10549290128124,2
66.29244515369209,69.25535452979048,22.742868002737538,6
11.867736707884491,37.43008971424723,25.58329929756418,6
93.70514306705068,34.390819546492104,22.542535492165506,5
89.47285817147318,0.5639484822516971,18.84639779112512,4
18.597441987570917,98.22048746373078,27.228737325584497,3
32.32658843651046,60.65058323730488,15.592104082027518,1
58.763497465304305,40.23286239239254,19.00070522561074,2
71.80623366342505,54.37688218921786,12.348616509956052,1
44.26560151602582,4.052703409626246,9.821526026422381,3
15.629132196097506,17.365095529166886,9.951353383837603,3
10.415149380287158,62.33599249634025,4.449518451368783,4
99.97653369143438,51.426172968362,23.89792952021554,3
45.535212144348726,78.7074822927633,1.6610425300063136,2
87.25317491484982,65.8742690445337,20.2405573129356,5
48.237600462911445,60.14356759793872,25.933805785111073,1
92.23576385460032,81.52657043053134,14.922850409561017,1
8.77593827715506,6.826310555190062,2.1060234552465062,5
11.401919133455095,69.08867964312853,12.852523849106726,4
92.96321877242242,71.55907132890155,10.296798086470496,6
94.74930450447849,27.5163549680011,29.566179578982922,5
31.471744746536334,19.564963648739443,20.73795604856833,6
35.51648869938718,21.385247545599917,21.6407941448676,4
45.2450234834758,19.81408634319942,15.474807568866929,6
41.61616800672908,52.37821909035946,21.282427633262895,2
19.004521595959666,13.562631136582848,21.677129301665047,4
89.83753839393745,65.92858614193504,1.9907664223831456,6
25.330760070564374,10.507825894876955,6.678195734318111,5
70.52724094776515,2.68896403102562,0.3890266628665817,3
6.7155677734972885,31.92902424458711,15.294222177857156,6
3.8751331528429467,19.185972373304104,26.273995645080795,2
65.37304725769206,98.86620554100823,18.28663604085985,1
33.90158575732604,30.29963006172174,15.006225834231282,5
65.54593927200013,22.206408602551374,27.7789754283192,3
9.402120216883036,19.676982349921456,5.166555330652617,1
94.98513799158633,37.385290480349035,2.238129244730571,2
74.85144668930954,60.584889533157785,27.51917209229153,1
87.62672330257992,78.19452750462824,27.0834526475644,6
13.647055404451091,36.457624774306844,20.489174586388483,6
32.016096889286935,62.59709800427894,7.379374862881559,6
36.83441642063441,48.205989827938744,29.09292074113112,2
53.717264832681856,84.64953462533984,22.960390554114802,5
29.68684855074143,56.90417771584352,20.216837507540074,4
6.063074218940512,28.989167187910013,6.6873397204634335,2
36.88783807374707,70.35872571782559,15.392675148993469,5
25.454931462728215,82.00644880229959,24.677287238909994,6
38.59212914632148,46.54406567639651,25.80780674196858,3
19.695954262002623,98.7197238882319,16.84290347403804,1
26.189637456473548,87.90968791913134,15.683815311577925,6
62.695234043226876,19.695466966549148,20.930514849229215,2
38.815383457806504,78.67558721562374,15.847465329374186,2
34.538339316949205,60.09512443497661,12.530431141969828,4
53.39056327223729,53.48112978078346,2.5625703427316604,5
77.18605408439258,51.393858657956834,3.781490271467404,5
37.886795634795725,85.3411142782429,22.80826404602002,6
58.75194925558406,61.087278890344855,0.739921938728042,6
96.62026253681762,53.77059850537337,1.5691507739282595,1
52.19801141180507,4.885990675804908,27.139307342592527,2
90.97975765175444,44.830286975855735,21.119913403640545,5
79.36726242564269,90.80415620455076,0.12638165742438368,3
5.871868165014971,71.17367293446189,9.361301230646182,5
42.90988714692568,5.095397805615343,22.89955381786634,3
69.8318407868588,88.39922821510423,12.52802399931767,3
98.67119124482,82.6667221377054,14.06393468574335,1
45.837629116151255,54.668421156952796,13.763971831381662,4
9.278545412673944,2.240546518228148,6.06403209777122,6
56.20091747128678,56.24296180338006,21.641743136947827,5
12.656379212396029,5.45890499264261,3.0901899156410897,3
75.15195602793933,32.03789596374804,15.217533166400132,5
50.76769974617778,62.890961890273886,5.098674823780853,2
72.34313683772865,91.29130838821744,1.39598428731468,4
86.93618268785237,35.779563725947874,4.2973165334150485,3
62.89480171627771,86.00237828834533,26.080048089352253,6
61.243932925318155,91.83610104005163,5.284429943413835,5
75.45702954396313,2.1043880457314312,8.351076270370516,1
84.24550014526673,23.94278377525315,4.142843646612187,6
86.90537862770027,70.98622992274987,22.06635304973276,5
3.6430195682883304,75.68430430795485,13.363475017695045,2
55.61902967977893,39.24168502170541,28.309051159352126,2
21.626930979755144,65.67546127728549,19.92973746743707,2
86.03458907817834,61.215861736203514,15.941676614603152,2
64.83976852033612,73.977496160106,19.698927948845036,6
42.022247903243816,71.86584277451217,1.2127614962899247,6
18.81042281213513,8.587079799036134,28.51980780386071,4
33.90236259198265,15.825018094006094,28.692888312517443,3
70.37776945402246,13.2727147259316,8.28419605666589,3
20.43595452116388,93.2480069842819,18.848864482294008,6
9.358294533837274,91.35426483529892,6.057457324196238,2
88.8028758227551,79.741226959697,16.42415383801377,5
76.42103495801167,11.671856067595932,23.1236771737318,6
19.97949306581326,57.42714699195859,28.194651744161764,6
29.231154342999165,18.723062608985142,10.176507697970155,5
97.20701771308858,36.83839375588025,20.805157891282846,6
70.81844867591174,26.709127663741295,21.49281343041538,2
61.05220042138247,82.89309814874659,6.634464034942237,6
30.762848542413035,14.445139951927322,18.870963944801765,1
29.912514416652225,64.61791686100757,19.6626386756333,1
3.9523618690230466,98.38946637761669,22.92228319038103,2
72.84818669019315,68.70545832536334,29.99841772363601,4
4.317522505688453,7.92334890069597,1.206971082794417,2
0.4857337777279036,90.7849501962525,6.069151310326743,4
72.94950878609792,64.30796776895961,4.35235295759222,1
94.88737571491254,45.63109796052035,4.633021572621075,5
75.65030477273105,65.96924785411186,13.62745981865895,2
47.164019062437866,87.9044330472637,26.35609669838812,4
48.6045249560873,47.71272279152493,13.461698072032652,1
43.61364226491054,53.132148281222925,20.054411935032398,6
32.464366711033364,45.24473992179535,11.294974275906572,3
52.17142141858402,7.2591426323665225,9.589899459333454,4
43.115095714111504,78.70701269273584,25.027055544871267,3
59.81678800407747,12.641174364183893,19.66642530355259,4
89.81200805010945,39.45700102883103,10.52685864247608,3
99.50094173238104,38.68228456077291,27.424807837414946,1
7.874328988291712,28.004079208673794,14.955346953529341,5
38.46834726613414,40.25071258944184,5.648242418978655,4
18.070619576680947,61.80091103824286,14.496655874030434,2
35.21204739255337,31.138731220771177,20.24098313800427,1
28.7473018548423,17.251193769827644,11.013377677684868,6
17.45371316267883,86.93675105072666,25.3135420882618,2
76.40760534212905,97.08326498571354,15.994319418183027,6
49.62887428292358,45.858382387632055,14.03294339803399,5
91.92455822172258,32.70197123445858,25.76134269791156,6
3.259244324701449,4.748207777822932,13.887534193984589,4
6.697801313198992,3.6851540610053135,12.432304255524494,2
40.32735829303441,39.28819956454021,3.111491860004879,1
8.027732040403713,93.02420183009657,10.874756365708956,2
26.27295964148335,73.07085434015644,11.911449016892451,3
98.60297430766236,34.926941887077504,5.418669576734693,4
20.895960748461405,96.8046425182061,17.634696051395032,6
19.81177414120907,42.87579032557307,4.315262116510431,1
57.364066879570906,27.67927439746457,6.71069365811673,4
49.79982907931567,42.63532447243572,16.83275957175422,1
58.04382972028448,21.154322698383275,8.069506941742112,3
37.673527820854666,88.56387702007957,19.1900493038506,1
82.6762359894947,36.11733104176903,20.715393987621134,3
13.858055144246284,65.79689644943214,9.038712318199508,4
42.83926458414656,38.90471988271636,2.621630444901598,5
68.9761848444087,90.17314179639625,14.683555014867549,5
86.82364402828998,64.23807517156301,2.786952602754514,4
36.95716063567577,48.82518902812995,15.457070445716043,2
56.77455990937528,13.21429691813385,21.786535263868803,6
6.913994500726151,90.19166628522044,18.6098937441241,6
17.031908811182895,54.68168682717709,13.448029236360528,6
6.913816246611448,28.50529729614175,28.375756436926427,5
72.7880891998522,87.79268918167041,3.0524169924651146,5
28.805996872214067,5.44404273944078,26.400045207357937,1
72.37452901918377,31.407691732957165,24.00386617923609,4
6.639827904327456,53.682840120214756,12.592157410937537,3
86.25478004083254,33.981433604329304,4.586015157021432,2
83.55301981110917,47.673425537885784,4.676003573329237,1
8.892874305028265,26.431625233098387,27.65417282228392,2
2.375650645718652,13.008309093289716,7.011139928347802,6
5.628881298199118,3.6854138616851717,26.22347123963486,6
85.3630173146734,15.76465649121419,15.098856597908668,5
23.470348905189574,95.29465140248118,13.852039101820997,1
54.82733178581887,57.54031333367384,18.58533802751462,5
42.624420318005676,48.89601252779515,6.451172486796988,1
79.5525526228602,38.43238393057086,12.851120221790818,5
48.88983014706706,70.84201459833854,28.154533164147896,1
50.06608406612697,14.125947590609334,7.147707869362495,2
98.90919394999024,27.612986765266346,27.647506766392553,1
15.01295567492571,65.59021196637528,29.82629089827536,6
83.07039387459314,47.90643645852279,1.557215642264903,4
5.174974560388479,77.00925389590887,15.941373677741147,6
47.764876957297076,89.71098439566532,5.154578990810657,1
88.63348239330236,82.33725913706562,18.65142767870032,5
66.52139656041213,18.420771426073202,29.68627929644627,3
68.52146193661329,9.147023552697853,26.906426862546173,3
26.331728225648554,16.94406005450485,27.745453848190603,6
41.85747913614543,78.35306916002305,6.40049439936298,1
36.658106349905054,91.38310894927105,16.269587966679044,6
52.14432101579942,92.54488677038574,7.044930491848519,1
46.222793014366815,29.821578937044556,26.982741227329537,3
32.68983518769893,84.03413780135584,5.734619792227395,1
30.548061237117007,53.62355350220967,4.618767372275993,4
25.085289165512215,82.27918483482073,0.36487895142056304,4
36.50472468847584,54.836484238000104,5.45843580259865,4
14.994147793406064,14.589321977911817,5.692885405635985,5
87.21043020035738,7.921955107309742,2.32470562576835,5
60.211939183342736,95.72191492093395,26.032233102394766,6
13.378642559385545,42.58025564315789,23.39993426088372,3
69.38593342090013,35.052064489731784,7.634444920417703,2
84.76664679979731,35.63030847683104,23.49773109933608,1
23.753567205225888,37.8934411475472,12.664936403903948,2
15.06005943372639,94.49968278943382,23.265609280445535,4
0.8617257133752054,6.270458740317586,9.690229555055206,1
4.725033885648511,11.906128738229915,16.939626794636315,6
76.22513483035117,78.96515154818492,11.448316258625056,6
98.71863320416938,54.94094913401387,5.630274510704075,1
4.48803224762766,12.8536757960952,17.568986520060022,5
74.80709590798926,3.446013677833637,22.52492399933553,4
7.186216584096005,22.42343482792274,22.593213737824467,3
59.21328249036668,26.081073771027107,10.688682549577306,5
75.60752824282379,1.4213029574641989,15.56135305217484,4
35.920439726773765,21.609053833719337,22.91335795755259,2
1.0934721110663737,73.83189369523997,1.6349278356777253,4
59.51893521254259,85.54336896370037,2.1566499990258094,1
99.12446281400278,89.82358297697178,11.28668219916232,2
25.761742283849575,38.99140326435434,6.704148030869003,6
18.94912771872158,31.941372590355765,11.239380586506611,2
12.392589275351495,99.98608482078876,2.8125923957887067,4
55.52556199000561,76.93404509215888,17.760240920258624,2
59.64450993602733,53.735208090755435,20.152215179830634,3
79.22708371704023,25.477143268939663,23.755215236817186,2
75.30732736205097,32.13054528851047,19.51568814225981,4
89.25414947950871,51.53643488293872,11.891441850182275,4
80.57726983423014,54.208291979075064,28.04784674453573,4
24.726708307944445,1.367864427367782,21.789960480839714,2
55.58774048757611,95.94000852714744,15.830437374803267,4
29.741195909357998,57.56062473515635,6.205512250067766,5
32.978537955150244,58.91582444091333,19.46924960208647,5
93.19443692299963,21.14711337538192,17.751615752578683,4
68.18959050670735,76.49871788012479,20.499899968126396,2
97.45904132511059,73.72645200918427,23.433742959249038,4
41.69125367187445,9.515797340476407,27.451488569346722,4
53.74375733539766,59.499437225992025,28.471697740744375,6
48.71154199164217,65.81937453298798,18.905565063767888,3
10.728705752372692,83.55681745738774,28.9786810726003,2
23.670199452660334,20.609117891771067,27.342671970017026,5
52.76363606044821,87.76347968064059,0.07843071045663175,4
6.737430513300624,46.148107170759566,19.128523987380234,3
93.14619293088893,9.65236193056448,5.354082295021907,1
12.384368194337082,10.562122151087594,8.855779633754953,5
19.79807464169071,19.780445367316958,8.925005992067664,5
76.53212239386366,28.27507059853085,14.493889189113222,6
9.693454178931372,49.640580445979964,0.32598533980099265,4
90.02780996154094,74.875119774456,7.073892240739696,4
72.57009707225356,18.67259020194323,0.8736287087950989,2
6.86208571088589,99.26517944995365,19.516756971577138,3
69.18470612856528,16.15219317703126,26.678627360784994,1
63.16285421713178,59.937796772214746,29.93365979495796,4
75.73494327399186,92.894043587134,13.456706753462925,5
82.81978524893358,83.25074228768271,7.804233308824583,5
71.8350563173155,64.78892016631599,25.59310790192077,4
58.61762952709719,71.54929967908986,3.3947555262141837,5
32.24633185817777,13.420562670536428,29.227169431684224,4
69.72736618299291,0.966305376024823,21.44512364154607,5
95.69715846307794,43.41487843603728,15.118039961022426,3
58.75217805288743,8.951892633830305,2.899516119727,4
66.43448684342539,35.77525619128244,0.5458780712931421,4
43.71280421998007,22.37427935697376,16.335965924458176,4
75.61208097430743,91.63467223807427,12.415515223200641,4
99.76673923386359,88.00559990080575,25.2799348308611,5
16.03893240677361,81.89428485310084,19.269164390803105,2
20.24052795037623,71.39442984139876,12.956890394870852,2
53.94377586643895,15.407192910402701,6.780211803035816,4
48.137539726165826,4.8367426199151575,14.412666264360185,4
57.15697845067188,65.38878578546925,4.889828363584697,4
4.907404772427304,64.22581371750992,20.01037987419556,2
40.4276456330449,36.9424284754481,18.1718721739728,5
58.29782620655608,47.26866664355971,24.302141043786087,4
58.51913513049627,48.914938823798934,13.485878167268288,3
65.73339617683736,23.992813274650636,8.35945599082587,6
72.02160290026637,31.41666119075859,25.091860777072664,3
64.15472033408565,41.83895546635016,20.72991244379654,1
79.0243155389435,60.31790299115898,21.201274921780502,6
62.47606346845917,95.58192060173924,15.842537142190366,3
53.75076625372045,53.848460951903995,26.27935844660619,6
60.61964288878109,73.11639095432015,6.833505224146076,4
10.119336675333235,80.70011023955533,12.050760760587618,2
27.315654072551997,11.35081213085536,23.88697714994471,3
52.73997806581312,65.3124667553941,3.9888270590604344,6
87.2987215401707,48.21107202544245,24.24328479048644,6
67.9051556287993,57.24309422478922,10.577856621925207,1
9.040807847189757,3.841693576904459,3.7651109709110084,6
59.22749504444044,90.62157365473851,2.3744845660568714,6
22.173798763709897,95.27841495754501,25.290861562612026,4
73.4016559788723,0.3481923684611754,23.35846636876907,2
82.74408525087472,21.27915920415109,8.641240361685492,4
59.34562725899733,18.019417370894995,3.4908656771243463,3
59.13626097517097,78.13045172798513,7.4170327811315415,1
33.8591443210814,59.80800591118203,6.3896290708102725,6
44.62500211613094,17.733366329673174,21.99166955076595,4
86.41083538153454,81.39709553188604,6.466892530707526,1
72.33203309671565,35.347487180574845,6.482955653028753,3
51.97536596958431,46.085687629310236,0.9680439749656622,6
36.823238624837096,38.73066053206454,17.905790649285542,3
5.037973828855435,52.13802064412295,20.66938644768322,3
14.300740132638513,48.014246882872534,19.60471406844252,1
19.302518953937064,27.458400266244265,17.057974684682353,1
37.33835432586747,42.45560374938403,28.982248465225055,6
94.41436470762746,90.83371498543002,14.182155365312646,6
50.51533948587487,50.289413647924505,25.804095243637043,1
23.484016325923108,91.63864104223755,19.380297311320163,4
10.575013746151408,55.012704781796465,2.52485822063508,5
33.8305524602964,76.88172932641588,24.302653829282676,6
81.57306355510569,29.359130965971293,17.531656250694546,4
38.334279341050795,79.04134900444079,19.605769779763037,6
77.25058060224134,26.432161298498556,5.406823068715557,1
80.27049761268789,1.9549971642973007,13.124702824270722,1
11.082076969870414,16.072894317769304,26.417474231228525,3
60.865975262678376,2.1652875032036834,6.462935792589459,2
95.90960633711107,94.70626418914286,0.003747196115809759,5
40.21380749035539,99.99770204176941,7.725261363524252,3
5.094408900302227,76.22302636195207,14.62627347529236,3
92.33026902578786,10.812816375158762,24.63834129905764,4
88.3666281572483,89.89454603326496,19.298727017200527,6
52.21414472090018,74.37761832661045,27.571904068715273,1
55.225312034400964,33.22445154020879,13.666932948836806,4
21.174110277612492,50.22779118089321,11.724456688711118,3
81.94507555446373,66.17593412619689,6.9425464978713975,1
49.86000383921264,2.405047567327123,6.5418745361731245,5
3.387779514255651,50.15409120998952,22.083296910241813,6
68.30149564489977,73.23954332549852,2.4107736913592737,2
95.0496269802706,18.82253718963328,7.281407544990259,5
82.91504903457503,44.379057347933305,26.57685778620389,5
27.719814021053978,53.253012918493326,17.307624542989586,5
5.332508493334065,73.55653719592323,1.3976282720499678,3
94.03514125381805,96.44537107931075,21.127651449893563,2
93.70627248797014,84.82755480042916,15.20047103259349,1
53.24153197128694,62.15184202299502,25.635651824940467,1
64.23174116715352,58.36406748348093,20.473016176237888,2
46.26000607108083,60.31866930726707,0.1333976393336589,4
41.976536709875866,54.51786426597738,6.172172615247619,1
11.944843592870036,5.936288025892356,7.73891101694835,5
9.675289836109602,69.82963945882051,21.0669686748495,4
23.273214667618745,71.6336800129603,15.279425330102827,3
83.66407464065443,51.248036226702745,22.423424912734895,1
14.583230073567998,87.0387605402543,15.386015963503876,4
22.66986519147107,67.24368027566786,9.821538320898028,5
54.861405932220755,36.2664657857017,3.1098194012606806,3
21.51312180782744,1.969435359863425,6.078662960062088,5
16.32066847177871,5.916164649768008,12.023402410370451,2
56.33162416979622,35.17982616417863,16.54362924545336,1
36.80932709966155,46.21053251986829,28.15912209571868,4
62.61592858404692,16.687111950842503,7.191605311995035,6
91.22053404086763,18.93283064226321,19.982548183400514,6
15.099313143506766,23.02113587793363,4.57637734479905,6
91.34336598130639,78.05133395762726,21.412593657670023,1
90.24899674229187,77.12878409517714,0.34022631431937067,1
82.90875833359028,38.29389854137788,19.67759849788847,4
63.12859173060852,17.236438158439583,4.896529701435731,6
62.01466574655474,11.090838506346923,5.4097333914247,6
63.92126599365015,8.712931204717322,16.767228999437318,2
69.04955512178131,39.12792508993721,11.262346377261371,3
1.6482200596157015,4.55424333211194,14.139154516525087,4
95.80925791606496,33.3635037126335,9.266666476687737,6
58.56037614655798,96.15332425411374,28.604011485849757,2
78.14658394024217,50.75046156100387,8.719683002456664,6
37.728183906136316,82.26446568351889,16.261422742064997,5
1.2397213915795957,12.926594589539908,25.630666666225355,1
50.973465987644396,26.807878240970485,19.925424367824636,6
50.719011931592895,94.65464445440088,9.68330840945162,4
43.69892883114518,38.35518969340236,16.573100501004582,6
33.971705416207676,64.84061284483224,2.4897337869818226,2
24.982608780972203,97.61267791625895,16.370592081230765,6
52.754487449718276,55.07877563307355,12.94167265060626,1
37.52781396934941,30.53459492287359,22.73801121220332,1
96.99318830498088,53.19484559520623,25.437085294023515,3
17.292730776693144,5.463719933085931,5.988495649423172,4
31.9665567627087,11.236987409269117,2.446077163822892,2
29.3960470924571,0.7171105052269922,11.716709437345068,2
54.330917623595695,88.42100415650043,16.02451224601641,3
49.92802569741479,67.12804288995956,11.304058449450677,1
64.37404654242731,29.83297651327481,18.856835129942404,2
95.00017705742079,22.11614192073046,15.169538391572253,1
28.522108549386736,68.30766011577799,28.098781039952694,6
69.27715692549965,91.95320647852824,12.281733699587791,6
2.5040203005183614,29.91390910521107,2.4748251884574723,4
26.238847273362452,32.155910938678176,9.058050634244312,5
46.371972799659275,85.42407251937729,18.176815870897336,1
3.099478848113446,89.33758158837523,7.680752958212583,1
61.76694605536389,91.40365668297785,8.069653554169014,3
67.83106084017082,29.31542080066948,10.187174520670526,6
74.67317148380467,12.03125675963489,22.384253397271657,3
51.65745048430123,43.99975719985421,28.203997028818844,5
60.394466497862666,29.576486514118105,10.511299015433398,3
39.60652512784873,88.38666668118358,5.864641192814757,2
4.125303250656254,3.6634941803544874,12.619108565013091,5
9.995185577451304,63.38804696362723,10.555190789388785,3
65.49959242014641,90.61813657481139,29.70074742369528,5
99.55552995857762,97.6670366806066,13.916047755539775,5
1.5803239163296179,65.01305992980431,20.37850058435592,5
55.758349682638276,94.992295702238,27.413641999345597,5
75.10087528825579,7.565946262506729,18.871847320916505,5
82.67748280138787,35.92783459962398,7.4813542475956165,3
54.52049012226401,0.8714697326733689,18.222302859998408,2
61.99159801841051,98.11837721908184,12.056290081953483,4
69.67249452745534,90.27264787666992,12.670496083164211,2
85.89662496934307,2.8052556248201355,29.37973744111215,1
12.228953720281865,1.8132650459765975,8.357730407845578,3
92.61821962748634,36.69694941063661,14.068054394349325,4
2.6017403551570006,25.85379667909018,4.796011370976009,4
83.61997509577753,84.69322772425022,5.3563259605646625,3
7.674042655969727,16.04844032718623,18.104532722575016,5
19.462821160492226,79.06494627008573,22.53047124458144,2
0.38941463811326127,55.44596999906632,19.093796208505356,4
44.525670553604066,37.73917714049878,9.878519937089123,2
33.43592267173923,14.571976173337875,1.7885451769505933,6
16.599291148702733,99.7691305959671,14.107915864460763,4
45.10901608039063,61.79861209215367,15.12808959281892,4
40.23708831721839,43.938223256799425,23.119548238794557,3
76.76610326987415,37.11275565527317,19.208686868758644,5
89.31303060700324,90.57282306308552,26.137758828029604,3
65.25672517670819,82.11918081907609,23.489486360852748,5
12.441038872652388,81.11857883682238,10.976333514328404,1
29.539079470985065,61.619847296239286,18.96664270574095,5
91.33182968322798,88.79565826958017,22.4185958836538,6
8.873449300788916,29.92783721220704,28.706411075182345,2
40.68558393908265,70.37061351632893,12.670564878667376,2
94.25046192334813,40.44477423918925,19.448459769334082,6
95.06648414694857,59.99988085596921,11.779915058449026,3
41.120317704889246,99.81530006126928,22.13484536609361,5
66.73968880987974,98.45247806753183,27.359795139316716,2
45.6745598353999,51.261901646744825,27.576780471587252,3
75.34605394363417,57.38634521648246,4.712625521625301,5
3.158133069299851,89.7321769137301,6.122897928626365,6
14.415714892135846,98.5635712513855,22.64788352369396,3
61.419880354359925,77.86078026260797,18.930296578272056,1
23.25522624430636,6.51844579586307,27.153218605648643,3
66.60522992691486,32.26397343438639,9.414016782466062,4
35.12229274612984,89.65623399203079,25.440624334387888,6
88.66455581278214,76.83525058504806,20.513275709515796,6
81.92593855599864,74.22330710244272,5.863689304697984,5
49.28378000687822,66.7923230468141,3.794831069869178,1
77.28950870948577,41.52638496323835,21.08170806025823,4
27.113788623509038,40.324132034470175,4.75384538172804,4
49.42597768118626,80.89324875908011,23.829871192294444,3
19.748205186327816,29.37802917650709,16.71285120381952,6
86.08861685209939,68.48318727009735,14.306011873883692,6
82.30676165684149,72.62085234239566,8.26587107764259,2
90.21496684090012,84.45559893615288,29.515367847745793,6
87.74769812242594,31.988559070701573,21.665013327315794,6
95.95962620594948,74.18892668382021,23.341909414946308,5
22.833623163192595,10.648989757868687,23.061327829960145,3
93.18242907953154,13.806172895190471,17.520467315297896,5
57.12131913519977,41.733604017340156,28.190965258766337,4
42.24950839181522,5.522577635524728,17.514645101480305,6
56.0373895967873,94.76983214653384,15.601367553124483,5
34.260235665027786,90.18958105093606,8.211313272686017,6
28.85530069609521,4.893369552584314,8.452077595250204,3
24.131433797752877,83.83117218922787,22.106517179461306,1
8.242798945712682,50.88741740900253,10.043022649188165,3
49.656489714718745,70.196288837355,21.861322354400336,6
88.77616757138874,88.69311692981873,28.58120276444475,4
63.01519692743847,57.69744870776986,13.179223103362766,5
52.09756327557735,11.632710028462945,2.9197692863892586,4
42.85929182509165,0.25786104865862525,19.996394439883083,4
46.4401626317192,49.69215322514465,0.28569095086456886,1
20.927734757195093,94.92321321243601,23.610105638168903,3
82.29358771930973,57.26218716131959,15.769593511161553,1
19.838296328152804,37.29391380882292,14.691966120259647,3
71.6622756727313,3.0922017080913355,17.08326481733062,5
75.99850114961527,91.49794172782003,15.492256318041477,5
57.486904202773424,32.715666085804216,9.71331815388068,2
86.29263749548285,70.47774013150962,8.445267290377258,4
29.105035245065004,69.42372021114649,12.458923818716855,2
88.16172212428633,25.38831613687479,26.847278457467002,2
72.94104595993042,6.377750646072533,4.061113793635291,6
79.87498277617607,38.50003786718435,9.7429379005975,4
66.45797095273142,31.713101383719987,5.769012838482132,2
84.63430169899694,70.02563988723259,12.814109302121459,1
99.30988627176359,81.9782495659839,4.004952573695135,1
42.01628545246386,22.244541739167467,22.823868417066965,3
81.39156837095703,52.82310697764423,3.104021777537241,1
74.45797595180336,4.060834738816165,19.957862808518122,4
45.2870165712018,21.42558229334619,8.031309746070704,3
92.6948999732512,76.1761605322083,14.165699905729882,4
39.44259295725947,79.33983204890724,5.999638851526242,2
56.546591627623755,77.64044634518032,21.906710384271573,1
10.594235699096155,14.238792498827014,28.44827967804973,1
22.57751940662662,55.10347274684173,6.652358621789878,1
84.06961705337606,42.270841444338295,28.59459623138485,1
39.65527228288474,99.14862967950904,9.75821403034302,2
39.40840894152582,65.4069869058336,16.73541501155705,5
24.598101819062023,93.52020913957291,21.04769853256728,4
49.16103342974544,14.53503050084376,5.978058481955809,2
80.58169613506224,45.08732731002291,13.34291812297883,6
89.51641177737396,77.16076001058686,2.0348244199215024,5
7.011443204418388,36.78577280304026,20.911613280840598,5
57.48207312401155,63.25084961536467,12.498483591734352,6
46.727336789233455,51.17021723736607,26.749335979187727,5
61.42818504715783,99.19294092179923,8.219756657194138,6
44.727568690826914,17.387254006549146,27.708039729717807,2
39.864482085341514,93.53486953301278,4.231195340485351,6
47.188071242948936,40.15709538032968,18.208993980416498,1
58.19991287564142,46.79929663772945,9.234245396165367,2
50.09832110317768,52.860188368997896,5.453448328598621,6
47.214445102064616,26.536654943357984,2.8181151515749647,1
81.78353099580808,96.3657442610793,19.669276764860697,4
74.56479912378578,91.14872052347894,6.995037997777364,3
34.13784941811928,97.29051002113627,17.18443236213143,1
80.05771175153204,99.6919572209523,29.382561685058334,2
85.36506690045002,66.9800095180972,9.478854608385948,4
15.34922053741905,45.16854958057447,1.0483283315018643,4
58.26824617307588,85.07339014963048,4.284678431892615,5
28.531199359921377,2.3804877836338556,3.579660282335123,1
73.91723219267226,83.44040447135033,13.898505816157074,2
23.878532935868325,49.72860242110067,22.339517089818816,1
67.14035241730318,67.32200270834177,8.893331573455752,1
25.51246560576339,37.40460613425076,4.375283125315297,3
51.11437634299432,36.86231538668159,19.22300298986781,4
94.86464679161921,3.1717152810887717,9.035406265477274,3
38.13075384564345,42.37894304290133,17.25511047936698,1
87.57384859632077,40.83541954193301,28.013596790182557,2
98.69445812038946,22.479110186807127,8.740408647795785,3
87.48508488051633,24.732327353976746,15.374748434588057,3
16.586602972334287,58.41395804425117,24.204357408936488,5
81.96582195351631,31.777144253950308,20.751543374928843,4
3.214939510056125,83.02519090172898,22.544345243375574,6
39.33018836993079,11.138510685706649,23.177081245683006,2
87.07333733178638,57.764494657504365,16.19748061002129,3
68.87522127599198,16.004472713910232,16.081863237067953,1
53.27404273378781,52.82406269206588,21.566687413453423,1
38.78640250826205,55.25458869503187,20.92944810340667,6
81.22969464702861,64.22976865257291,20.101729920890556,3
70.95584039482209,42.74249472728937,11.464040764279908,4
46.840531961567336,50.94746851292544,24.856279368146303,2
89.24843372096598,18.09526160812933,7.0860866811266785,1
22.994801781863238,46.30153497363296,4.671958990581367,6
17.03915091586249,37.303038909429056,10.354866573471046,4
64.28037643335816,66.61311046544097,7.614937212148679,5
97.19943427017704,43.48217234964861,19.89547536609469,4
24.72565733067703,77.93416509802202,6.930535534498826,3
24.96703789338265,42.59920985736921,19.69469515052607,3
13.949884796218992,23.577117297395866,15.396683845223654,5
86.05635552736321,27.36887189585846,4.573502042257789,2
22.639754041133408,4.528522509163658,7.751887923630687,3
50.31785267248878,53.991881060091,15.651803529096686,2
99.08724780022045,83.08808839003218,21.993159117710942,4
1.2140900922043563,76.91117068175701,11.947549325240278,6
55.64860905107941,43.77894663384714,6.984979265341201,6
51.22890427049458,19.61203551445122,8.852346272813664,4
80.74473764101548,86.34844432974528,2.8535156782019055,2
35.528153955277695,5.678103404506841,0.7544850327069919,6
41.03413588990416,39.9222725202494,29.193879359905626,2
16.793798059886367,85.66151423839511,2.8922980309774617,3
74.08152316357867,39.31766874041964,3.746620353319501,6
78.47089091881483,11.787547075695992,26.12892255238928,2
13.666332077883025,26.59495003457961,19.90515707157774,3
39.345707398832175,60.00294417429484,13.08217593735979,6
89.2904995362683,15.203590769457087,19.470702171775486,2
0.27072736757871585,65.49353268423557,28.049544705912307,4
29.87590706226323,43.81619311992458,2.981319343071178,1
55.50422850525477,33.43895008205219,7.311330815259966,6
33.409385965995334,24.09254805231639,25.809012104122225,3
27.20451891776694,82.33299858567095,23.41918035903321,5
46.003748490321264,39.66739474634016,29.827701646715724,4
18.152310810969375,73.84792656062277,9.417264452165774,3
52.96252409594838,44.03551926373844,28.346591914156356,3
70.66959213132259,9.186718688677942,10.310664938850124,1
57.52949526285022,44.05059751672604,21.452795735564795,2
9.31093308585309,50.7687779735764,26.482288428647593,3
84.44086141655733,45.78421934933768,5.1234628577508525,3
17.49778374874882,81.62417117482725,6.169159651056009,2
76.48120006111286,91.08513490430293,17.4287594409704,4
36.05651107758504,78.6778675211034,25.314743101065424,5
78.27613480561023,58.27819022109597,2.3684860566633503,6
20.627290340534575,54.14499605548907,25.526424292677106,6
18.66621036954298,64.4616030123659,10.293615886352896,4
49.70258462174822,28.783029643937454,12.186798419175055,3
3.2936014698360494,81.1846846148685,10.195832870626681,4
22.529733878233337,85.68481776036609,27.344397138230622,1
72.40122521843483,26.721716318183052,3.923829797485172,5
83.73834783054255,90.28182081400776,17.228234435290297,4
8.078536393781043,84.87327239916674,4.443242418773751,1
88.20777094381043,42.448676748251025,27.85783890284524,3
79.75172040531791,90.90002020927456,23.937939406068583,2
86.96842957069654,12.043899381150814,7.014578227832335,3
69.84285545788399,2.7986559208900363,8.933348042644607,1
67.41530672939648,34.786682559405435,11.445459838880325,1
52.50932333448638,56.5435698827345,12.162530258863095,3
65.2787224491315,35.14426145328662,24.520285758961656,2
91.91096645666052,94.20677336713595,16.93600065927571,6
10.052200141670841,25.471022905514506,12.838479446751842,2
31.57644778460912,28.121339359267893,21.583339708090584,2
7.245497359587183,63.48276125448551,13.735946290314198,6
94.48051719440384,0.38638823417082024,3.8472005065437145,6
44.5265465999388,72.75570523545993,3.224675528085851,1
67.53444706761884,37.74694830931572,9.778700393855152,1
84.11200645043215,97.7747867643296,18.086107128455165,1
99.10002480764885,69.14175930297486,4.045239829447032,3
16.178245779226575,5.221495508234309,16.50402512092222,4
79.95126057182287,9.262780874197363,8.088289344262005,3
88.74228981367364,8.816810692415855,20.862402468248753,1
4.887537685087562,95.26222598919438,0.8478810352911192,2
75.40905601855734,68.40515412175877,14.07070294441719,4
35.47253211965503,42.76060072889357,1.567924470426978,3
64.85967914704321,20.048268988003105,9.915233258259615,1
51.40481960388647,87.36397464358032,0.4672543286063735,4
25.974225208663693,20.155592767134046,14.07296281733794,4
13.522136200398604,70.66792164758175,23.010476054340348,3
11.694723308920828,76.3324361545346,3.006601132378337,6
10.33228577084917,29.465608885540828,22.056680759820814,6
63.77900401345777,50.49147371706423,17.525858012769934,1
35.14108513995381,22.298928231839387,15.138158194080603,6
21.663343820587244,37.89296574554981,17.98449786840725,1
69.1885092705903,96.51343982800088,10.076913951875866,3
68.68495657664668,69.31380346544303,21.310186613048682,6
53.91682923569977,84.66142061905151,23.389975257623167,6
93.49578168658509,54.0599571466741,23.346715967606322,1
38.54142314414213,23.903974215135616,8.083793681810652,1
83.5862971269293,71.28798566671935,19.617210290695574,2
7.513940793219631,50.05679607905664,4.442871772358292,2
73.98310940385045,17.68488681070587,14.862588407888012,2
98.844741383193,41.24298896182103,0.07887780178552739,3
84.65982162878169,63.48402190163059,5.807602770250233,2
57.966471931005934,73.53318566822382,18.95202347497817,4
62.67660643271606,24.322079589035173,26.23084515609388,6
35.32895494369468,87.59973393493311,1.4708489575807293,4
67.94852182581039,37.955110707467796,16.7565837652299,2
77.0395383181327,27.11367178927484,19.103250603150915,4
99.82284811178539,19.512005545372478,27.971729435482388,4
49.2462917000433,80.41713344029736,19.654313839348696,6
6.130406577344227,35.41645749660625,3.0909810741221513,6
59.585795073098524,48.33990278879347,4.402327276334415,2
11.902414998216859,22.281982356387566,19.072923866609933,6
24.476504355611006,68.60910711689316,6.46859030289698,5
32.877991130573726,78.10334075524223,27.849164246318647,1
73.10298731484106,33.94252489533416,27.62061602357658,4
18.380812387850053,94.5079385371402,28.4596758047164,1
16.575294684235253,3.061060956023609,8.7885782343658,3
4.496424249882747,13.294310327404036,21.508497238809493,1
87.32399363538809,58.878703156049085,19.890417208045484,2
69.35054243560607,70.14068620483796,1.0681134401331627,4
3.994646561762649,25.0682989509059,7.966952290388391,2
2.829230563811458,55.40710968913485,6.203001890384052,1
55.86742964750561,31.838624704281273,11.124258052150198,3
28.2534401286711,55.40892456215902,28.591611496356748,4
59.67263504319288,65.93276777642525,25.368049168750147,5
43.46041756809653,97.28080535690574,8.802737741048308,1
92.33125623102546,45.569686002118374,15.900945932979694,3
28.780901496136792,64.82160402713805,5.767983647599857,2
67.91453684388935,57.80392479199319,8.323019768878147,1
5.405431161859919,31.755489388757297,1.9500974704465357,1
95.58605341889253,25.306413169772036,19.2781950275051,5
98.07574679083521,98.78707217447237,19.707623234889866,6
73.90746290164124,20.685236170151533,25.155048624103305,4
46.52124715635731,79.02752670742368,26.14655440281762,3
21.999343932726134,14.658739102076101,4.801781975811684,6
81.25163402479647,80.43512693612507,22.291228384889617,3
73.63540971470222,18.572844298954806,4.04122898481997,4
22.195403956094907,96.71566440161669,11.211450352374326,4
45.12152941572657,68.59876565745174,15.466097146776635,4
46.2798937816785,9.011824367582888,1.4840974226122805,3
82.64105499727091,69.31771194590108,4.70291134636363,3
68.38446843340765,60.362076278155186,8.133482999701144,2
64.31675435400551,33.75462466939585,3.8262698890256797,5
64.98274225632784,26.073599775671465,28.022888166189993,5
27.04700793824789,71.87607817481522,8.64957564261349,3
37.1711259829534,74.13613729498658,15.03514993526741,5
4.566228543670614,32.72058489525366,29.896027137770584,1
78.69411358121238,87.62271108395036,16.99928030793732,3
43.29982151698138,26.882721888849126,12.34487324976254,6
43.82383570875735,6.986442597481101,27.893772177728554,5
24.53562649336267,59.98678448275786,6.674932660998256,5
20.94272814594289,10.707057283161614,5.385022225161238,6
58.782192956902925,27.66640642664853,16.060931071223507,4
23.255301520367578,50.71863930484379,12.819052134941703,4
6.420885156546441,28.63596223572976,23.90958231946395,3
76.75074159808983,21.49963424200444,1.2603012391310175,5
37.64694344063659,70.31854149056545,18.531774732336597,5
38.02355838993044,54.69993414022956,21.320374286936293,4
43.131828151579136,83.97612482502805,29.157502824719007,1
81.50448234080937,58.123959465547756,4.372896007195064,5
32.08368959398171,48.344721177377835,7.387296561284029,2
75.80362112578361,26.12563516107882,27.973296947077266,3
93.95448407795432,79.20658750912973,18.918865364499016,1
66.08681959247994,19.68710085643672,1.141470982065349,2
43.16810811770247,24.222841097316028,2.3203200676733693,1
74.77897231466648,84.158859675307,23.56321681883005,1
45.78973697513855,74.11925257292111,17.02423495369247,1
41.44272711081408,61.28734889795206,16.962464448566216,2
52.528316357268324,3.8920530786573426,26.39596929933856,5
31.77223348092938,12.725761828472649,7.232937581136848,6
10.42502162800012,49.99574601876097,4.812929454660599,2
41.48520055261652,74.6338923482891,18.414178428662417,3
12.385688112930193,46.41008641918233,26.4726929296165,5
41.044147355544666,1.7293024414783087,7.957519340028545,5
55.69337212134503,18.42699986668217,20.43883094374056,6
93.07111812056468,58.87666996202181,4.571370955748225,3
3.622233104530359,69.42170596879913,5.157260874874467,2
62.145840650194415,3.3428312711904384,27.045301735882123,1
45.77351866500773,4.333175346050034,3.538949847191261,5
2.0261128204139167,26.131011545636294,0.7303660996558403,1
24.954817593872036,8.350169538656493,23.248213443323525,3
11.848525235480157,54.19462321933647,10.875286455755411,3
21.679414573144474,12.370198195668047,11.899756566063926,6
27.457024346091817,64.82193349014224,23.995726347245864,6
40.13063353821963,77.72253193075869,5.398073747320446,3
52.903939348889025,97.05166637521067,19.50980824563107,4
0.09899939263861013,94.84069616377143,9.405849865129035,3
16.18693606287408,27.33651502352782,3.1280538194053245,5
9.356638560880072,2.9409602623172826,20.624881469102636,2
54.96733992627437,32.94122161117679,9.559924036528084,5
32.90748704012698,70.84801187126533,25.99812312840212,6
54.83977360347181,5.980120927253929,27.571069506957024,2
22.182330217467783,35.97126576714287,25.471552857628584,2
2.4229354087584865,29.803454754690694,9.670552423063857,3
94.13669012702468,21.93456358189767,7.0974787307896845,5
10.830812118899402,70.61307547303153,26.784019272233994,4
12.685874796171682,65.9097005024374,13.588409516293838,2
14.65468265101405,53.54940940343433,21.232191706740473,3
98.12765239932727,91.07746396815976,24.81492604231903,4
61.76602401699961,10.313885273027246,8.330599646034676,6
61.02899517038506,14.968922447813082,3.572922838043705,3
98.66982015185296,38.34496792194131,18.744826900298573,1
8.843876927465477,65.58820518629005,17.70576767289675,1
97.45008925422891,58.40792922454121,8.106002179757274,1
20.40131465540409,7.404268746793196,17.541201641560267,1
62.30715035620354,95.84248037464674,23.71071763435029,3
42.008356530279165,30.50648164613915,10.500329470323823,2
38.39518134771782,35.89726137830939,7.2695315677671655,2
93.12433284794625,62.36297990434235,21.750036408286686,5
14.922772844025644,94.51655174597346,23.57616050045384,3
99.70690110762436,66.2688239103272,28.628683136067608,5
37.912506109154855,95.47733295477042,4.4275746875241335,4
64.87749038885543,18.759111882047897,26.67792305664584,2
96.79067314833601,61.880992897293496,22.95296433569707,6
5.760105037897478,82.88788918762849,21.056997237926637,3
92.28643629251906,50.902446825484716,9.391608875711345,6
56.78113853543433,36.217367582934045,0.6657885356446236,1
70.43968789774523,98.47585300318772,15.226514823583269,6
14.918418388634835,14.09873403966605,8.573081294571486,5
53.338743083103225,41.09295275286566,8.694630567800736,2
67.35137147252436,87.33737525606603,27.814157315779603,5
45.62473073876818,90.04807465059208,4.589066761596276,5
15.498517810605673,98.03821015597741,28.026971387716614,6
24.41190750855766,88.48475922643814,15.114201300322199,2
85.43927909934985,5.095702538741254,25.1483782818281,6
3.447099283276278,92.97664996274882,8.507627143257311,5
70.88620784408124,42.81671914067853,19.017619922542053,3
99.93900365145268,65.1619187456582,16.697651871702504,3
0.7482996106766615,39.42758691671191,27.724982682535014,2
16.10456828199399,81.36680766135487,5.378952805272631,3
67.41443008931344,57.59192763227661,6.137096692274388,6
5.999083458534827,84.55446425540043,28.46893198360634,6
58.97899838558589,19.377147152076724,2.9389386235831507,1
68.40001035610561,18.498309475490228,19.040474071319892,1
58.81463481140702,44.0376801584787,1.8169233964575937,1
36.51847030210672,0.4751544962480536,2.3097242436181,4
69.72822959866389,69.28529548962581,17.914462287051656,2
59.42944280138205,29.605372780801098,16.54103886462176,5
20.763717209391974,55.72993462144499,17.190785962607784,5
56.31355435851098,7.000356046084688,14.209562896498287,2
88.19072171389276,17.064435938269394,22.270780217448145,5
66.683328569045,62.28591700219328,29.76565609094696,5
47.17915073938471,30.566262711104308,8.273437391710669,6
32.15841028694511,21.47219425856337,9.703190019448453,5
8.588620943757286,22.88465008077679,9.69148627029644,3
24.46271327590287,21.481936472549545,22.89806838917557,6
1.1186753086876888,62.28509494305482,10.440465033711844,2
98.66259175249644,16.76912144694571,20.30211202747952,5
22.248225212873997,36.27063591798903,13.376626710357865,3
81.48759426853726,68.78868655934522,18.234140010690375,6
16.86448818049786,51.36710573476506,24.870461184146976,5
28.360114960557393,59.72808707754839,15.42176062662617,4
41.827731922836676,25.090697946374853,14.255196025401167,2
32.44056641416051,93.27148731652056,8.00923750815909,2
79.83508127598611,41.38792483163356,15.477137454593514,6
95.76934080154231,28.696393661233454,7.872368187288117,5
87.52944836508485,90.43261840584724,25.307106171538763,4
15.357786694775655,65.5289615264387,11.665920805847515,6
77.66886763492903,61.394586313845046,3.8732289550486163,5
14.794691330471144,88.6734652166168,7.1990258377908,3
91.33811065621013,5.854028627138441,16.037444024017688,5
51.787857566857845,83.76795120075803,27.488625474892572,5
33.638108805670676,67.7864364305101,9.01684495724339,3
15.70254973341928,35.99927947801294,7.931586122979347,1
1.1809088179004612,25.635134252385562,12.19679504430406,5
24.794699166088474,10.480589988155764,29.032634348764393,3
91.4020063281312,94.107417024669,25.356590233840617,3
79.72621922722276,14.191210332953618,4.490038532240747,5
96.97937077507194,25.943853573088425,18.412598613007923,5
10.076152112137304,69.11071795694698,23.755926100321037,1
59.217874350566944,71.01524378859926,23.04031024110713,5
25.715047403077662,16.076870460259396,14.665364752638473,2
54.29417057724074,81.41311607656276,21.954941570221266,4
32.04548855634551,51.02872691763625,17.50759831778951,6
28.34655502433575,84.84566781151089,6.043349485566081,2
57.38453020245975,8.728538984754453,1.6816092190952592,2
18.33181618695403,4.282999909368968,11.084990401510115,6
46.91334369721169,63.69903814943497,1.8581700584261962,3
65.08122650440347,15.002379710981684,11.850402117626764,6
12.818207318280406,52.49490457332999,24.866370047122796,3
93.05942708769041,1.410875928450872,25.328824452107444,4
50.57246994541248,77.99292605482002,1.0222176402005356,4
81.95279718843422,89.95301701785016,2.086064025284824,6
65.39054306210633,83.8882761964288,20.09601262773734,4
71.00009412225455,95.83528131504183,14.999960848265996,4
71.6130940992838,90.30957546587896,4.480751781911726,3
87.50998970614727,44.40180182903652,24.165888531962796,3
61.36054350469241,39.83482084436466,6.494884881192657,3
27.821715172138962,89.61836679715431,2.344477640871323,3
9.950964286545716,92.6938795357227,22.485214143000256,5
60.625061945014146,97.2835948318037,18.243779238958922,1
6.6352803770581055,76.83172348427827,11.833282161939708,4
24.12934516895302,20.198882994138035,20.781786113506037,4
6.070718460191172,94.49541361107224,27.341420660736084,5
54.88875890065671,94.71414668162195,1.0254732829994317,4
16.033812494286803,66.61313639129715,18.830383130260063,3
61.040731943347325,85.72802663494848,6.545018910466794,1
79.08651308632676,56.11764211639523,14.224132798241516,3
82.18807207718623,94.41269454117227,12.719433866501088,2
30.954350813762744,9.393639659209118,11.699390035035893,2
54.895453269449604,86.39636964847706,5.710683007423859,5
56.301076008635896,5.550362903713935,24.079498093349464,3
47.28871821541666,33.910705221802054,11.385617547831007,5
65.51138914247649,13.532564261526192,26.615887828094394,1
21.008712382353355,47.91350924629122,10.640048188394726,6
97.92432395867942,23.224615799246994,25.1914003403746,3
9.807982709093244,95.20723793339971,16.333989945740633,2
82.92211412031192,55.93213336534095,11.568757045793765,3
59.40959869511878,89.77307363037248,21.12096643793988,6
24.48547471937159,27.805846905115096,23.59963873810267,5
74.56750006602998,2.5977559946560813,14.480723708234454,2
8.448089567707196,77.56550036839216,12.762612851506104,6
77.44178344487831,70.23776599719719,17.322569111169663,1
58.998522224301354,54.54916456741936,17.554901355171545,2
11.07503183964016,81.53427297292126,12.764376475640622,5
7.950556309237022,84.00843726481325,22.72988635327913,4
75.08363334364626,58.79033080181738,11.991643432614238,3
29.293590650383717,96.5927791853937,13.589950286474782,6
88.93018507672134,71.97119476173273,18.159546728385372,5
76.20730210301761,67.68753761626287,29.605467057919938,6
69.81902447177161,36.142179255864534,7.82058333042309,2
27.860605263345096,0.22585786000076657,6.9585839973457455,6
70.89445190216179,24.0942673894178,5.306617995389481,2
94.8147684514834,76.39205068146299,20.683326429244005,5
9.155983437056891,70.98712544371742,13.472839122552232,4
32.6162642003566,33.10221448300942,11.658190202228242,4
23.467226546159413,62.55829745384388,6.12271122446606,1
39.32501344006667,19.528747947313718,26.73415132210015,6
74.23326548539464,26.362771926904404,13.295191056671575,2
47.424258142538655,94.74080939024965,18.23079934458987,4
57.073060612024626,41.31805729355945,3.3758873487758523,1
31.415488807834237,24.498759429885453,3.2391665005470327,6
14.128926708710054,48.71082468389915,2.020636249919874,2
26.693364893772852,38.70158797873662,11.020382425148807,5
85.9680301241987,72.95290373491056,14.186598065757348,5
60.241696215341044,96.21161064908812,7.337344483477105,4
37.79886731972337,59.173742445769186,10.490325176319288,1
78.99059817355875,59.1147186936915,0.18780102071309202,2
6.445743245490876,36.48338587234831,10.532653957841845,4
25.389108792238567,56.46309319752953,3.5751400449254254,4
23.010315405733927,31.93288663871382,3.851534351216687,4
98.53645621682222,0.10920743123419285,0.13518292680009925,2
70.60985823927602,86.60961728784851,20.891416981953206,4
61.77859363885542,42.94440855217052,27.93851322148152,1
0.49849652944728984,49.20884850539967,18.646366825564716,3
18.431000208985736,8.35009154259282,2.8860615578372895,1
63.554129297307824,83.7110513405392,29.689483481775124,4
37.97193264816657,17.033707037759036,29.2675551262954,4
92.42803836790608,41.06211587843159,14.047036069724662,6
76.4724219141758,84.02655470638814,3.236076552188878,3
44.738407280412,45.778294021351954,21.622179289416135,1
74.95149775382704,93.11523354664637,28.844046134503117,2
97.54043238262216,20.931430342068968,23.36098812416078,5
46.09808247014706,71.52328299547713,18.72608563712943,6
64.25258878885333,97.79985235617275,18.324957071132314,1
91.86646150612951,54.96136372203109,29.337543426168864,5
24.867466203617326,69.21838986439928,2.1935801045930834,3
88.65579136662784,39.32266596010084,4.4866805877187845,2
9.754470677298265,75.13373397254689,24.924343342190436,4
64.84481705876465,90.8874056523729,4.35339240959277,6
78.28381550557843,70.30555670505292,11.498894607870888,2
61.460621925242606,93.59287113809792,8.444977681642511,6
49.553480415254306,58.86526519923096,7.303341493211796,1
61.734709992568604,57.71374404509629,0.7716585332528003,5
15.166370877944457,30.462738810915535,16.987537906044334,1
21.557071033021835,70.96274911637859,12.037185625003827,1
26.989934395634197,88.19525217561554,16.547706379110338,1
59.77793406300381,64.63162261289312,9.13524619492511,5
44.19010737450705,23.303922059858294,28.243825651627876,4
24.447584248583954,54.41091147216866,17.74041576724582,5
88.28093321445802,75.5937416951415,28.836211395968007,1
37.39218402932234,93.93633148727528,10.500178627759759,6
44.60317192298911,15.659604952055394,0.06868612038966271,5
40.97010765489946,12.749709096656058,23.437966948873218,3
18.194295527675266,41.2943530232906,24.821365636819266,6
73.16270154302333,12.561116946261086,1.7611019160100805,1
44.8458262268858,98.04289125051184,18.76107685386957,2
1.6257109892718447,42.43043672825591,19.830536011203606,1
96.4013702359797,53.36105190679049,4.372016011426959,1
81.57636115954136,22.70877812927713,16.575736585577435,6
72.35593540918033,44.91261235369293,7.29596642039831,3
86.9091870518529,98.46939348612199,0.493551096135485,4
90.68072536055503,48.86871513669695,26.007332711283535,6
33.748970638443865,0.882392580448621,14.750855136793923,5
61.09586784166986,24.252753025063058,23.450973027321336,3
60.88078092055942,97.84548304785041,21.68679096687326,3
26.729966881059696,98.90675134107325,29.81115783043587,1
22.195225144706722,21.04930897717057,13.138602117035795,5
11.390725481902209,61.526408784385346,12.826518202715327,6
65.93141959164528,7.690833050541446,8.452667011535107,4
78.09189910307799,57.744164244462915,18.75441640209644,3
76.09529795170037,12.592070148643742,14.583375016658525,6
31.627537718497432,81.86615236426579,21.86283366425006,3
20.525985046520223,93.95749876022444,10.695350953242817,3
45.36141784546219,17.298680804948262,3.9253422482797773,6
54.68134602405106,46.2712168594824,25.873063563583624,3
91.90871279685557,10.204299847463416,24.84140825894054,6
87.48231542740541,33.9140007072975,10.530005613472326,1
91.60583313018277,6.509775476052648,20.710551525359975,3
85.02623851359796,26.454652801742707,14.772087188268353,3
96.45812044363112,99.02236670893015,22.829162913933004,2
46.549999716905745,4.460326732140185,11.703971059935371,6
4.747349743309437,85.89683296186706,16.069177061736887,3
8.356203214847824,7.745257775410486,1.7344831219424173,6
39.02761417723431,52.89969311173601,5.24729944764244,2
25.768709127299726,45.21197924273457,23.452968233253088,3
16.99405913610673,93.15546600206449,11.446964465186323,3
95.32037745086485,19.90498622850896,1.0531627268877053,4
19.541958841062247,17.968201537963512,5.0290885713584,2
95.9379272315231,74.87140885678323,12.347940962568435,2
76.08388403212071,72.57194731003538,21.537393210503158,4
64.09456721252235,69.91817704927988,10.904551254216928,2
67.60189600893783,2.6127116172380727,22.35557263136607,5
33.1474323659124,25.995968672490864,25.7418176188525,3
64.64270380582822,83.98951778542994,10.234098426171379,6
18.66921182812653,60.08581214567727,24.01126712563276,2
93.77054325359795,60.21949207321816,3.806419977905686,6
30.179333996059356,29.59166054048117,12.458505752149787,3
25.518651229354216,26.017308855694786,2.9268718884477773,1
71.11627981941575,94.65548880182547,1.5758396638432715,5
65.64487180661818,72.77552788532122,1.935821324563407,2
45.12989183433053,12.686611780183753,3.1425608124490934,1
63.24462346907863,93.77069421437638,25.07177770249196,4
15.949307176085615,58.23701518180548,16.3103137090107,5
67.3328307401955,33.33623669570881,28.421645633310323,2
27.061069519519386,39.71394463995984,16.140009039375407,4
27.283597667645733,72.54045103526182,18.861339969311604,1
16.217993494378458,37.62726516860836,5.534518834214791,2
33.23771350361646,57.874479911860696,16.217430619011253,5
33.12510603113281,71.04994966484048,11.559076464099805,1
45.417901170226926,19.53749973059645,27.943060264211105,3
19.04195046663495,94.42414862425494,28.01763647345376,4
19.30075361587663,35.61727714354098,5.95495837506723,1
54.17385716632283,41.937475707691426,18.603925918150978,6
12.887740467047514,69.85143678678206,19.14527408912934,4
68.88970079888351,60.87850893877641,16.876052383740536,3
94.39471258625966,44.01198369391792,3.7298912398544792,6
42.679562166437826,64.97420403007914,19.620459565225854,4
90.11053131506767,90.28283075720445,23.972558547726006,5
9.831659112586443,80.02836166454186,10.356781015593903,1
4.295762737564457,82.42590099547736,15.436551058324717,1
72.136887751384,25.840840856731294,3.489838390478337,1
76.10215729814965,41.94033492976376,27.92066134461083,4
84.30582409657514,55.381914165405924,3.2861355951696005,6
5.681767839998142,4.4190819161482935,6.251313200047411,6
77.69070549568305,76.97921803773245,8.954354274001048,4
37.65387327965818,32.34634244150889,24.773707175460657,1
30.33376326821986,28.259607804101428,21.01967761507065,4
17.302392134329693,25.929200935614638,0.2104331400930759,4
99.6015755102527,28.337926542006443,5.506846414782316,4
6.366358931886362,33.80148321578322,22.504535375757055,5
82.70080146079994,60.48245580761592,12.115034730024371,4
63.94944354905275,58.35653219000632,0.7864059740177998,5
73.50804442618671,25.57117536018754,28.917506349600743,3
71.17171199217964,20.64242765732075,4.536987388216862,1
85.84344850731826,82.63581900713568,15.31399920140483,1
18.37920698561083,9.272333767636653,7.449482929345303,6
0.08246168346853766,51.28228412009275,22.124079606760787,3
59.85284890432661,52.05608741892761,23.301782971418643,2
35.38586393233339,57.41368068116216,11.916612105746792,2
12.37873311171377,88.56501159071357,19.753488643770957,1
18.613875410423887,62.39139400947676,27.272207536394564,6
33.17493124592229,97.36337662480233,24.44427355477819,1
7.023337088670322,87.13530833487275,12.44693152934744,2
5.691320212845086,21.474025948721152,13.244281616899137,3
91.60262548324441,24.118331022530114,26.606348220810617,3
31.21027493536962,34.477413591517056,1.0311840127902883,1
98.2230697473585,39.15144150801313,0.6843471694147907,2
96.43670083303999,55.29951203076955,6.173860246950663,5
14.25712823271138,23.251263289633883,24.828649340560307,2
71.4924302896191,22.234518111376566,4.596395628516024,6
60.08048891270692,38.138995736807956,8.558378548450579,3
69.06470731051536,67.2023113212752,18.87206070420527,1
9.619100001447478,68.81256130961884,5.527284301841423,1
18.856007863455805,97.61167400402896,9.093490237307204,5
7.66386614508815,20.241543392181406,14.007381813695766,3
60.41342052170712,39.28591518569807,6.843278513038145,6
98.65910758490911,96.46774979390604,29.772410519337992,5
67.19845376579414,69.00087426655521,4.903380519638035,1
71.07615350219297,59.22785248220192,25.498113147607594,2
98.45850415432811,53.964605140134694,14.102994944961575,5
67.80115541717961,7.551038013625655,3.8737103916056537,1
4.0181572628470335,89.33738088159103,3.554584714877418,6
86.70056008565976,62.55052154151076,15.008881681525661,1
36.46782903787963,57.1667407928034,10.605605144076307,5
0.43636215147153656,53.95003433218426,7.0380689733898105,6
50.72341775608206,39.19142073211117,28.768174114972467,4
93.70150008762637,25.466469136089277,13.901392218995726,5
25.73306871949832,75.53219853344842,27.86432944116983,6
49.151317305283996,50.95675177616621,4.919991781944565,5
17.377688778239076,3.393953228922031,5.503982016900367,5
5.76926716664401,39.909449977216326,17.880830728273548,3
8.054494671311318,92.86036382228325,8.096269278504678,2
72.70109059613554,37.38945615408629,5.548135668337812,6
86.4074470742149,41.32330079255737,2.8405615623993317,2
14.32988392524911,62.39611230550356,2.288120109214915,3
28.831856781046874,80.16748038158823,22.59505156240279,4
19.502946764482733,66.84611177047121,8.464894391094496,3
2.6855776926427932,85.00547311229465,29.352574599229044,3
55.34313698869836,11.39705870406983,5.4936338243737435,4
69.99221701376476,92.45925533186488,10.633399500715438,2
64.78774808850704,90.3921932411386,11.247258584470003,6
38.805354730224764,51.914858658558785,15.004583782104897,2
55.501024593990536,62.47422377872011,26.119076069383603,3
9.409930663622468,21.281305020140174,25.04310629892562,6
15.430371872268445,44.79474379813889,0.2986899259138598,3
93.17946195529834,20.270336091981235,12.277652008747879,5
76.15077478198968,2.197667894101951,24.83810193121746,4
92.27390958251674,98.09030681270525,0.005934234801305838,2
91.66802844993673,25.914651571020507,16.009187166547317,5
64.93926171077406,59.31083088978353,7.784268639996057,2
92.82386481121651,30.025038353786304,12.383056477263018,5
41.67041030824632,37.06216202104349,12.609140996364241,1
0.3616244784940936,39.77615585822748,11.752633221525432,5
6.257111584615938,33.50467313247577,26.75850366633789,1
10.948732570081521,63.73997593399358,16.09390826908604,6
9.535345318286026,96.09362704886061,27.112401714839542,4
35.170239085026346,42.8634650006233,21.80227221964053,1
70.12708071093576,97.33267240542651,10.53360212922017,1
79.0648806600495,66.77972373447831,14.806910446468647,2
59.021327434462464,60.713619502100904,11.69575614615875,6
14.643617455697955,23.710385179892302,24.85722834600965,4
74.79016021481752,6.292070589938081,5.627934359128911,2
35.480191913759896,85.19347702918289,28.092368467846544,2
1.2993348671796245,57.3981063944269,17.412734827557482,1
28.058862053274936,41.441386242488186,18.35273861904252,2
33.06005541409779,81.19673220884835,15.50404200755914,6
27.424553521810292,31.05803825773188,16.634894311347526,4
81.18701531875855,78.36172559644872,20.030262492684813,3
75.99263975940903,32.7963835405797,19.65105765302579,1
69.55520304126415,92.08811864041635,6.424412666098927,3
13.900507851226529,26.796687445680256,17.473204826192223,3
80.7833909706282,13.755411757457114,10.638793220653275,1
67.71759616633237,69.80967083494119,19.110909174086363,4
19.48376864813919,16.28472530647708,16.435037408037562,4
64.80939302815165,94.93630502889856,5.390398011374778,6
48.3511641003681,65.5555112388866,22.042017526171083,3
43.935006185622505,23.086066128452597,13.710403424384708,2
11.212316347238882,20.881893428542874,16.54324656858411,5
51.830427584516535,92.38750391204216,20.17928594774439,3
9.993180897236364,60.78579128498909,19.58615321751411,4
16.425338725426663,89.37360066724167,22.467864602701336,5
13.254631427476271,11.022520484582522,6.202551859293522,6
95.41082790700077,92.53921955791762,3.311737012120708,2
28.486469044389008,52.00493119940883,20.07538724023033,4
35.520432359600775,66.84219163313504,7.079548399970465,1
32.20806062960361,37.28754715412806,3.4381460564947997,5
89.82504451781438,5.91403220058262,3.93712478428224,1
56.296591133488846,95.79724413418292,9.384003716985422,5
91.91598989333117,99.4598329108482,29.753611441477354,2
29.992490582789554,36.4546848760443,4.71780980061255,3
11.483467443194895,94.38679297519796,8.956096868954035,1
55.62184527241746,16.77262909615642,27.622024556464286,5
34.553699179001754,15.468444965857554,28.89924189422408,3
80.19068334907483,7.311184000917148,6.8653008345455415,4
87.94234089116586,39.126940758415074,26.413580911519727,3
47.257351090707175,5.230225018159917,4.167538335690409,1
97.13590240855083,39.465718961289674,22.84609233901547,4
55.30130063444059,13.839042864966821,0.3902448194211461,5
27.092039338631245,73.05277955729574,12.198588877228802,4
48.89755153442745,83.3362649336408,7.420056201521645,2
3.7310292402927603,68.78154277962881,21.120240424773684,5
80.40011602630676,20.049415243615588,0.48168394065554065,4
10.143505085442095,76.68481929079557,13.94705118154599,2
30.874848850300495,24.9500197033275,20.90187074234806,1
56.531654700494336,75.94885969685275,1.4011461975054873,2
4.297512564689887,56.73975748963909,26.92200546389917,1
7.931689918144825,36.671251629120974,10.835922221893467,5
69.61163576130129,8.349237801605769,4.957974967267277,1
7.177709306076874,82.75095098070257,6.763934880913824,1
47.70828662473765,93.96529207982253,10.167177863413897,1
33.86956334207504,66.59177800006375,5.951253054668763,2
22.807940795641645,96.45415666934389,15.317362617456087,1
18.87788978636654,93.41114190429911,18.987952094980677,4
76.34112937325794,19.460840080375363,13.00290326649974,1
95.15421931502826,73.12123485982134,12.810964496853668,5
14.017974220333173,34.93048194376945,23.450985581061076,4
95.9681219174127,48.7517360565626,9.030501388736553,1
59.47625034751037,15.696543114884577,18.68306501721726,3
64.16604053632571,97.47794280576525,26.787647551304175,1
70.99263781425819,72.61373830764086,6.645430952880366,6
70.4118890354581,26.69083096309681,18.597021900733715,4
81.98111081856882,37.147169016803346,28.439153401643527,5
48.34686513476974,42.24829268287844,15.893857648663634,3
53.33585875147011,74.75337241438402,29.306931710913908,1
32.38270024634159,92.56972667695845,9.301381325543893,2
10.525759378311704,32.14401329845716,16.928816779985944,3
66.46401909262191,47.250008828041956,9.331072536028586,5
3.360996918625092,59.320757283470115,0.11158275202201917,3
27.563505108336827,39.33439924003156,29.91924301336975,6
9.422986444610027,50.41813233656852,7.201802041118296,3
19.072715732271806,10.5707629020102,29.19305955710195,2
63.873091289738085,16.767438772016607,19.59098479941381,3
62.847663020491815,40.11012572201449,27.11800826845718,1
42.105491299571206,91.49390117705525,29.016082411608988,5
9.017197648949116,34.93580457446336,17.03487619025949,1
43.33739164594084,24.979280860501362,29.990740329037745,4
35.27448718582934,74.28622208492759,23.019897278261098,3
72.04591528559497,94.91301660766092,15.714436682807202,3
57.90266081990517,45.912361706354744,19.648298525726577,4
49.1565767336999,0.8604955567183104,5.828140719797979,5
48.69820823049952,68.8149331475618,0.33097864321049664,6
96.62968872604189,41.50608016161449,7.7036804282142635,2
75.62942217034505,67.36455366162151,13.049125851597209,5
49.697956046012784,27.771651582920352,6.8415776058526205,6
47.92226128889776,0.2408143816962416,15.421076939585939,6
2.647910130496345,34.44962187456038,19.738324266739994,6
94.25092633198066,70.47923426129415,19.67381547300113,5
31.917397176732965,39.31132830091892,26.812932915993855,2
25.593908188074376,21.917413965322595,28.989572894496295,5
99.94089253876713,46.400686413410156,26.720850400796653,5
71.86896715045245,75.23485232983855,18.605248780407784,2
4.736377329928798,11.943308679230602,6.172924637733872,5
6.188547702557646,69.17520336466478,28.303534775097805,5
2.550156396019787,66.73440238039473,5.245811843019196,3
59.961889951286906,37.07378796850713,4.542821475313955,6
7.156450006195181,97.03361913794944,9.52707983716305,1
93.33883568449306,89.47052994803515,17.208166840148646,5
93.69065400226779,31.616148080206983,20.444178959574128,5
54.60540667480798,3.1091093393843083,0.39878032036907984,1
61.66389313959508,30.830480674507665,23.340668151592503,3
29.18944015252498,20.472194254104327,5.250586472617265,4
6.3972542408273325,54.72519140475928,8.894545545390635,2
73.74604451918155,91.87444211821546,9.662601773869547,6
10.178598874901745,87.03375100375214,9.973379966962275,4
8.555764101839314,30.582915566482672,22.811028066284138,2
31.12231092042238,42.859753355563704,1.2283308660653869,3
1.246565983788206,3.654219907956646,5.895534551769586,1
43.4035615756316,54.416350764914945,0.6695769345734448,1
70.76809100800767,6.336798005072886,23.34898370135299,5
80.1348931421939,93.86061662290996,29.51167015095371,6
60.430730379892125,86.69338348522723,19.786414777996928,2
84.68742031139126,21.4187626437503,17.704175427564337,2
40.65022037671103,69.93686798620455,27.241986401655083,5
84.87720850604767,56.80203824333331,7.648619590904483,4
50.64733104983793,80.13577125161831,1.9938691541401565,1
22.30361279982953,47.565210675151995,15.299097149166471,5
94.4145646660466,19.1771970665778,7.810461095214862,2
27.497087383711648,63.98434001228317,13.53244844042706,1
2.620148418779311,8.028032699594501,13.68899551745428,3
24.267404295502693,58.45879911684221,9.564954722042083,5
36.668756125742775,21.270480546445757,14.589737447491604,4
35.134968328926405,68.49364371235602,11.40455641649705,4
52.466750944357166,82.80431617281086,3.391780103456302,2
88.31268820359234,10.952472928207246,26.001771222173396,3
29.233822710969914,40.02685521485924,21.03821143290678,5
52.077060795916886,73.35215877759967,1.2392659499952163,4
34.01389536884793,16.37030615188585,3.47359275813919,2
82.17730593732004,56.652367003571314,2.8954341213607204,6
15.760151328847838,67.18389818757231,1.8523064102648301,1
10.35102683100585,35.47936072393823,1.7717032752164308,6
50.29952532376017,83.19822742026011,4.71336998808601,5
67.18875857654919,51.06581850467138,25.436082255897844,1
79.55252010907665,62.699483994051,24.846998885945272,2
58.96248529053164,14.08727967047787,23.494394258351555,3
77.38497613190006,2.3160174532669053,18.44119519615718,6
39.27100585609238,5.07485708249863,21.704806596409036,4
3.2867670266468973,90.39201481982158,22.154436325209186,2
11.609930790155653,88.26423842482511,26.679386109230016,6
3.872260122899618,80.75914391618426,21.970290889072967,1
32.894365047649266,19.96120912348608,22.093779240628965,5
49.54913412686823,52.54586519495032,24.122435181404512,5
35.63174836569394,79.61171005483733,16.690645677828957,3
56.05994750663922,67.46691812557738,6.390863701278277,1
48.06091484927877,11.552119367593761,2.536274327071749,6
67.79428018639403,89.55411998124238,12.571306811456965,6
66.69621635634061,16.068239277796227,2.750570150581877,3
31.806414710867948,17.179569341333544,5.079120946629935,2
34.62144553610915,90.10086291707083,0.71520035287305,2
58.51478216413033,48.46169390945161,9.006188731095296,1
59.64324678908418,37.289182595646686,29.099934672060552,4
31.469991363713312,55.36567422980565,11.367938179932318,4
33.03178857754252,98.13973328321114,7.226778181532439,3
69.4045013186147,11.963045524104288,12.103484314146947,4
64.74108228760696,75.69488487920653,9.040155606200322,4
13.505080467977471,33.43258622441275,20.216304687850823,1
44.104187967539346,11.704927084762373,19.03400283477242,3
89.27060787105903,42.19333553529386,0.8202872331148858,6
3.6305676104475215,54.875287772527095,15.339694674203553,5
85.51639464842137,20.59616377281469,1.085990630263114,6
16.31781570641436,40.52694590966025,20.320897992428247,6
50.724863246171594,63.56760254722905,28.074249918817753,1
42.43364289230115,57.64480197202222,27.22463636182257,2
1.0129337341458822,72.31605940548505,6.171363362727797,3
91.5396937089632,83.64045329374012,22.2793544316418,4
45.49252273343056,40.91403317693737,23.791979131216955,5
95.42682767606149,42.29672754622275,25.93102599328153,5
28.674390097921787,49.66921344551531,7.787960124015631,5
86.62757734159725,56.635337838130354,13.525045379164801,1
92.23895739956305,10.832267423789165,6.645132871097712,5
55.68324163707806,31.263535419477407,0.7292837163357413,5
20.26777878677175,17.189179537702426,19.770378835948716,5
68.524743210572,38.58527623441316,12.943908536794368,4
54.89780665294602,97.33540725740365,7.443506416907018,1
94.45296658526259,58.27309566809797,25.413118418988358,1
43.927206181049186,42.93815199205463,14.870419199376085,5
26.8513647639822,56.59368952237088,29.839730316377718,6
13.828700149410711,66.90765554271792,23.80073480816901,5
69.86335686866795,43.495346329040096,26.076335992077595,3
97.41096189805822,44.77098042528872,23.19996746393015,4
2.8343770571398474,70.14011293817086,3.177746968518649,2
74.04453547781267,6.086258320570126,1.9508700196101203,4
92.69303625596666,54.00805682883442,27.452363178433902,2
7.478153422734934,54.732781221770146,4.145915641194062,5
11.017004510613315,75.67522611283809,11.736784520227808,5
69.19570984497086,98.2644752336658,18.297330346677924,1
64.79633758957884,79.57547867868081,6.356950497059869,6
6.8827415316245695,50.3788612650468,6.758551311233304,5
83.44227521511564,16.945317960717855,13.987240268741294,3
52.34238478448924,58.82609716331706,10.826852743797815,3
90.71973733366126,83.4298886712686,20.29727001059413,1
87.79908809927043,93.24140636453325,2.252285865618825,6
81.25077690501658,82.53103794941006,14.66276008433459,1
51.58988962444213,18.896860636256353,5.227797531465509,6
25.171064174943226,71.25758643493315,18.201750270022444,4
50.59755039111325,88.01549474858433,3.4863987528102935,6
10.081137780178008,68.10169666269752,5.92895599588241,3
65.88461484734262,68.57520409282152,24.116669485299404,6
13.397721922900763,50.01622862510787,7.055009701140413,3
51.11729625007231,63.697622212550506,22.111960163814768,3
5.438197416681778,29.43807192230211,8.191880990645728,3
29.951249027464588,8.88100867857452,7.050825157014932,6
23.20804606697878,82.77149047454004,8.974643486438023,3
62.00315427116705,94.31443073915156,26.427959532682458,3
78.67867120225087,85.68223353769442,11.91496978010184,4
5.730295454052614,33.3913553780803,7.3128158965192105,4
85.02836851553842,9.35301513079283,16.099184210907392,4
86.07676949546045,28.013838763140654,11.56924235355407,3
34.22690742880228,84.28353758099001,23.705925593149896,1
65.90040659703222,65.5814507633216,29.71336854939083,6
40.26130317034495,96.66942441029371,15.797233279975009,3
15.41908821896315,34.26810184371034,13.55246692958548,6
52.866241856311035,55.14721202916424,10.29106194941657,3
8.635967450159665,79.00382216382279,29.200161968104133,4
87.84721553959879,23.399194273181234,14.49849828014046,4
92.42897594096085,96.40899746596658,5.339905798081483,6
82.16131370114036,59.23976724918148,29.076477161540282,1
56.25281207559786,0.7897563319653189,28.82646377998071,4
55.7598591125455,2.5153275628012395,13.071751570052296,1
98.46073766009297,88.22160164015952,10.445580390988715,6
24.79016898311829,64.52815277610775,20.41312340065906,4
7.594836590520748,76.30725190638621,24.867723923568295,6
56.19409236011778,78.40160009569081,14.955963968505824,2
32.87855978101033,42.04597762507765,9.924389731591003,1
32.23387728080442,79.86112461423018,9.041820325890402,4
0.7085354169948044,93.7532444812538,9.797961816432542,1
59.6239409547933,17.217110776962162,3.5409882036723017,3
26.403370227561407,76.41363995420207,23.358613090656263,2
18.7858548192681,30.779200761556503,3.1487959055740933,2
4.043193139300372,32.14930030538539,11.949434848015581,1
36.43615764756113,41.27548510363862,25.04830011422595,4
87.89688723864573,86.37195199080855,12.123176870756998,5
33.66708075973723,2.2056067310049166,8.842853937778571,3
67.90742101195937,43.39262068102639,28.447611714098016,2
75.65469634019072,68.00476495692706,3.7963126059903187,1
32.81008091901996,11.041545828252197,26.54561708353423,5
82.16407350120413,79.22535970174165,1.8623039621041382,5
69.1879659666949,94.1902597897353,12.405882385577097,4
55.92422287009515,9.09348210769786,18.951631664936013,3
0.09924640506289162,15.294813783087813,11.101151524250426,4
3.509076592280813,97.40972249462028,16.038192628843753,6
99.08658441060633,19.785564078574158,6.1200499976154665,6
78.22839235035593,7.893967570320449,17.071035524005104,2
93.7565258772947,95.21925363959002,4.036761506977145,3
90.23032049180276,89.2622709809469,23.88288948268729,6
2.0442983142750837,65.5725472733131,17.513697403263894,4
79.18472897910739,55.14309272875533,14.457963444565577,5
45.11457440111546,91.92326963027703,1.6400038749924395,6
78.95582040006556,65.55200751114228,14.993230077501668,1
0.6715784163385141,65.839665931507,16.907082910837207,4
28.819930120056426,84.36855642019529,7.970025402214937,4
75.13237757913022,65.32456772924209,20.32771022724666,2
79.30207886015897,50.367688703767755,2.3029544614056174,4
61.9714601214624,38.97214978984479,6.260672443454872,1
30.125618944626375,50.313389279124074,22.126455519727056,3
31.03625912878629,52.24786490871944,4.416666567780725,3
96.67639636420327,36.08318811182518,7.3664645886784825,3
43.92121792342045,44.8118408980346,19.525660437131528,4
44.712555024383704,80.18719328635213,21.865251114333372,6
55.23327502406995,41.65133686758878,1.5446776387029604,6
40.95023368643888,2.555976663542936,3.7976823975664518,5
55.267156459741415,28.301932177384913,13.38354017529788,2
43.233542276755784,23.174186409169817,17.78384834496589,6
82.67149196021867,79.35820118319684,13.613437030368324,6
90.9051019798284,44.92930584718088,19.412099784352737,6
93.21102598153617,28.031054303513315,22.67978719565877,6
56.429620582938654,81.07048838416246,28.48631542523707,5
44.21485574644953,1.921680455661201,10.496421393883415,5
70.52400587918379,17.42508427312176,4.893143055133983,5
83.83235912959066,82.69548193957999,7.922520128646116,4
56.29822420663771,55.06517276604026,4.444933351553732,4
69.99810218222613,77.36497745794804,11.827369259187483,3
74.9729350721248,83.81760147620776,26.177017977046965,6
67.63937767172867,94.19634885885397,10.411796908330697,4
74.61335557293096,6.342459930333799,4.464681066677903,4
20.864533255599838,79.9234743298472,15.67898646068908,5
49.83745470217975,70.87661482198348,29.758314499804204,1
58.82685546050872,20.702560067655916,5.645436560062784,6
0.24779308570230807,93.17022663401231,23.336248552701655,4
85.59625088136819,40.4201880306392,24.70076830722908,6
61.00245084449121,88.76105274548041,12.040150305030055,1
12.913633169820326,60.511370466492544,18.586543159935747,2
81.63570725758271,52.674794654095656,12.971203522535658,6
71.70569664405446,15.95239338959794,7.869808096199156,5
75.8299543463637,91.43276242873128,12.783564002170808,4
39.20424618618562,55.66619073622462,2.8587040989021473,3
85.42025066949921,0.6092405496817443,21.208683409826783,4
41.402758213236226,1.8284541070283211,24.875790948879125,4
57.05091529455913,77.76326050180475,9.221998001114484,2
0.06423036998737253,16.193635337838963,16.994304731399474,4
64.48731146778623,59.87384356281452,6.964455961183092,4
71.81757921279367,68.10819619339803,3.8238135051843516,2
56.71093654887923,27.936559294849683,19.908556953364794,3
49.655881704361605,56.93138084114124,4.023227895237371,5
80.99364737117082,24.02587459890747,23.45937207618502,5
68.13727171652418,94.63154273679505,8.152636462527722,3
27.807403972002298,86.0170156349167,24.55540179007982,4
95.90733380799858,28.804279149746915,11.05513723171281,2
70.72671941953408,52.88144909503397,11.065277779289545,3
98.79389289124246,50.06328571539057,22.517182820174526,4
97.12613162688683,96.00232579500741,15.307973239064136,2
91.89097228100898,39.4028780183854,6.029322792296218,2
75.53715412253077,56.222755462156684,25.51225644160305,4
60.942936849696736,92.87065948874371,10.204596277072786,6
17.21706636829242,16.281105117655812,3.0833028251520442,3
54.33514174237577,55.048560327833805,12.480031347686328,6
76.53765223943273,10.567292036182963,17.218852895090368,6
52.08571587055678,61.749893181850055,18.296560018172926,5
86.82391284056578,36.56832033870047,25.068235359114606,6
10.965589919169826,96.76360731796007,16.242204713804238,3
38.094034804863405,41.54091811485263,6.711314492020502,5
50.596441859365726,13.618763754170683,7.849989922077242,1
43.23252958691081,83.39999609284041,3.02521764883208,2
10.858654782155309,82.08666914229141,22.07772867708785,4
15.352829404463053,69.48596195427844,3.1782463949927386,1
83.76172928554871,74.8811801884228,18.174378968243865,5
48.4384259201451,26.471521768940686,17.9084218213984,6
4.872242675272764,64.20535004227813,23.565106709260732,1
1.6491258977649914,3.801987120539363,2.2388909905626333,6
47.34754019943266,19.689014389003457,6.0873403053351405,1
16.437872592444368,93.22794475530867,27.286871310694153,1
70.51259459992218,73.92352970826586,17.167104883860365,5
79.53234625277513,23.067254098925783,13.730706393302356,5
22.82967084571056,11.13830895192881,22.43028796386845,6
59.217694488178076,94.89194448685015,27.07591353267475,3
15.4444643485386,11.218766606013276,7.890289108486468,4
30.3582651594387,25.70700480472482,27.0442688643403,1
88.87954941814333,18.263399299945714,3.260838781222609,5
54.40980914823108,0.7463820411767963,29.33049143189634,6
88.58886951442001,31.4134774098044,4.945554752988305,4
22.524780417950694,97.41788715987626,7.987091058068819,6
33.002434324866606,34.190330580935644,2.897818202749237,3
47.095213845681705,50.43048794677737,24.110295206598014,6
48.00800751945429,74.59357839217815,29.526961861250367,4
99.76479671837004,55.10801020792161,8.909295257093042,1
11.44453189711301,74.35915074123066,9.768358812053815,3
85.19650356015907,66.16358681905152,8.369397101400077,3
86.36820394218702,60.85630229990148,4.644843006447753,1
55.31986315377873,64.96489072117451,23.62332650216078,6
34.403716825915374,79.9164362078251,1.8215952002736735,2
51.92261042882962,71.01913948011041,29.033223914228483,5
29.24677048065638,79.17749207051915,27.81946573527145,6
79.91074484399395,14.559763828353134,3.5531725585273923,3
49.827915871033014,67.76737327105403,15.885715536314471,4
92.58421788774506,73.70219123255332,29.785540759330107,4
62.26913443560438,29.99664324968345,25.57857747145279,5
51.431933311468335,87.45773278432823,21.454011778756783,1
71.10693539776523,30.471160330270042,0.6738283632270581,3
50.39329644302343,24.38321193764973,2.0513233610472428,4
90.45063504194472,86.70968154805112,23.820512953280772,1
18.44459608868413,24.70198381164267,11.293345625729062,6
97.33486837459057,41.55024624318001,20.05295632377143,4
81.2190551851192,36.79228300368189,22.175448811294743,1
86.07333618648696,89.80618225582724,12.665525325752672,1
48.290783237107114,45.52357382879643,4.301452521023386,1
83.72015493375974,69.43089332962155,11.600835092376355,4
30.677408357720516,79.4038904643829,26.131453269558136,4
76.19481785641752,62.79035807471762,9.932573370959364,3
14.045015838902264,94.36944983249147,1.8794832778371917,4
30.70519159625087,80.2507529256008,28.77394251554345,3
44.57326633597328,40.020662767486314,20.420307269216053,3
32.23197181434219,95.08118432576832,16.225702558126976,1
38.70171156241836,52.45748332713342,24.873220400437138,1
82.0104744783698,2.2577322944895895,12.334820342912877,5
25.667589214216758,26.00132796528968,29.553473820317862,5
74.52811721545723,62.17295870372666,25.727192081934714,2
7.371206911165185,15.681490232443673,8.416342249679722,2
76.57391075150608,58.406804489320365,11.131439615329196,3
79.2023242829773,36.15980223075298,8.27228892595337,4
40.1698775502482,53.4385480058274,19.78022528544716,4
72.24778231674705,0.18748478732528717,19.179957932022138,4
91.51384037450991,84.84213546686983,15.675176205381511,1
80.07129735545269,36.19254877755284,28.97521123718493,3
39.044651039695985,14.015843427795305,14.168258645330692,5
48.421351428006446,43.791585700507994,23.511671825896958,4
77.93575447858055,48.61772934888341,19.742853515300094,5
29.259458984912357,63.74027104961889,15.545548204340049,5
80.38827403088735,52.456244035227975,1.2628532163419492,6
32.80711425609412,4.352358206706263,19.724850714603946,4
80.59905823855381,87.15123220777647,19.27785252828676,4
8.680044335072335,45.65089317869613,3.7462198377764433,4
4.439729691059013,7.698777253300893,23.877449260819972,2
99.76754473698223,77.28282365291851,14.009822503351263,3
86.94571232346891,66.01544187830683,9.724380432144262,2
88.28475034662038,64.94377727692218,24.718781575378976,3
95.12799476066175,42.691400173556104,10.301128784934711,1
43.831630941448786,41.04970626209884,18.65552373851479,3
28.68355546801522,53.63386363873428,18.537444043694766,6
13.002499501790298,5.0594412899103265,1.584179477198009,3
50.120913353846454,29.895776421792085,12.685008917241477,5
22.004832047660784,98.78941735623735,6.683362497958694,3
93.55508567393197,66.21924891280759,5.987119857031677,6
0.40031624427790957,41.89341654173221,19.648856658816296,2
14.319673774312157,22.236310294045303,0.34229985857261114,6
24.647585308342677,74.52093619002335,29.072369346434893,5
19.895671159319505,26.02903097061914,11.861730180144633,6
22.57784365797103,16.237010384629535,8.964105853347153,1
65.60476050611784,15.451490023428727,27.59923199812372,6
32.75120783131492,72.92632791647324,14.600164263205349,6
61.50243819033733,64.28102542887174,18.42975754455833,2
89.02579336462912,6.980609937123061,20.875522459108844,4
60.2556765525702,11.504281536220251,26.142338204533903,4
69.45327912863814,63.38468673535771,3.892259694511683,1
36.55032982213573,57.1116101872159,2.449595372760709,4
15.973846762270917,68.59990603718134,29.811323530042174,4
32.058406244990614,17.803890836326197,0.26651404878211493,2
96.4282648704108,72.6587906217167,21.24584260845078,3
62.181138445313714,93.60964673305497,18.33196085875863,4
27.75111194340152,60.10503145354412,16.576530651275007,6
45.09152671621038,19.613001964278386,23.574838775402803,1
83.55130374309944,67.95438552841065,29.77418842906376,6
66.84435707057736,34.30816835460644,1.4065746448178218,5
56.065284072916825,4.928774638572142,18.43591477929541,6
88.5162876633841,30.233869535249845,21.50333005617152,1
67.24395722167903,90.5585101950132,9.178179185190556,4
64.27297307910955,41.11393201759752,26.785841547627935,3
18.976813721076812,86.46653380310923,13.709785243491355,6
10.638868301240779,50.86593435227916,4.934353858558401,5
96.51421170573991,51.69779889596,25.632234480609,4
59.88583701003527,0.5216321064894336,28.287768612739317,1
41.56834091464291,63.71040732889721,2.985447551062308,6
58.902082091021754,10.781384503042023,22.550426014636596,3
6.181196107171538,47.87484146820543,6.45042657495659,1
82.21272739041068,26.03168556580989,0.20166653007065105,6
21.664553556433596,39.23829658293149,7.818414686561647,6
80.4546006317947,53.70773556668008,25.647295056622408,3
53.43784432636106,1.4464114601972833,4.23551630351197,4
27.657201365690277,28.45835832716228,3.9200664899538173,4
3.020994824207046,98.9611934291865,22.17143118600469,2
81.58333553266057,5.739912582055961,12.190789156939143,5
17.646014146930668,31.939348815736835,4.45458217603806,6
5.180511563987345,32.14214749646482,6.900011294465153,6
75.58777308258809,37.938592093276256,23.838057749568133,5
35.00432223729788,68.47809184423454,18.698063701740587,3
38.933400559165,24.77437986829646,22.827863176994956,6
24.706758728071897,46.02693441360528,2.9331971696411308,6
85.91784786968971,64.48635668524491,13.743128485491376,1
29.732952610653207,32.23220583285886,23.913187523439962,3
21.019256975102387,94.87725805032547,7.973782526052931,4
30.92497263361561,97.96726349426812,5.075669051280858,4
20.314957516739696,11.967356768751113,11.453516814515764,5
31.765522080520746,34.38198844008101,10.00139921516342,4
8.293622286817303,20.79720698064753,5.564183366466108,1
15.853002911945834,18.678959555711515,28.618347760687755,1
41.70528833961479,49.09798383382795,14.492952136663206,5
87.94668555898764,56.38271081348789,18.24229068329774,5
5.729074672228585,42.56520405975992,3.633207262487852,4
21.267470676003065,27.255487309736072,18.301052643945386,3
90.83456755415963,27.862157425363964,16.659680796253912,2
89.00146741599217,99.21281563407308,27.95787983319098,2
67.94508332959413,92.36773739902505,12.369504032161311,5
24.047355409523796,7.589884098935718,23.46186301428651,4
41.981056105578574,65.65506519961257,9.12542935386366,1
21.122099443796504,45.68776074848443,17.368210689836417,3
12.858850912520325,68.88140971991619,27.80911191732594,5
37.99983945138915,59.696070554055346,18.75213932276689,4
57.58216050703502,88.92524000824174,21.334760512995253,6
35.993267546480524,6.698831428882501,26.279535756077713,4
61.082455046596976,34.95979120577055,27.762730899263985,3
29.625473537930546,98.54941257755847,6.2482462560920125,6
34.58505277607903,18.22853489906168,5.875140948875557,4
79.06735916446095,12.733343950664722,16.514283807263574,1
87.83147308938581,72.89720060005754,29.865491289190835,3
32.20340815310521,77.74351600174634,14.704569699323399,4
57.15158013452763,67.22735476746603,9.927148893102816,3
27.816228389226804,77.61958287599253,16.117838247992655,3
5.333464170742753,69.37215720931722,1.9318732234710556,6
73.7857181360408,13.577068228917677,5.316203109297422,3
17.100348323615034,60.82218974785071,4.467612520395299,2
42.57125237469172,77.68766825595324,0.8374663521315562,1
48.70454933791568,86.55166063244678,21.66636909135852,3
18.447158417910593,24.623524268370765,9.764236375854708,5
9.455535066339626,12.743076093853855,5.056089337262693,2
34.80130146710706,78.10904435825796,15.367313115768702,3
95.22859075503185,25.654834503566537,9.703332179161944,4
61.51355899884214,3.192947832088733,11.790533123942373,6
38.14102284029025,82.52135636493043,9.465954511854333,5
3.8910820774214927,50.599113381086,0.11950543076496456,2
60.027328139108185,32.66331324284219,20.649865932567753,1
9.225764093537258,1.1429105231549164,3.3207143620217905,5
54.25440710475263,3.5327444707947686,6.574271911889084,2
75.1950508271743,79.26232705602946,5.709511306914945,3
42.358534829478636,48.97058849648644,9.941018864961224,1
29.94114948165244,14.972204929646015,4.805930384890683,5
4.73842338175986,35.85056272490181,10.408563725638622,1
2.4777875161596796,16.53051475375229,7.297930374232024,3
43.00265696455212,11.288155318038662,1.8364533951723305,3
88.33452707029679,27.630782067414362,26.116889315094877,1
24.40627787931904,54.95085474623974,9.167433212961344,5
57.40555057818213,21.00066078122269,2.8584643912914167,4
68.43058196797618,34.36710812847671,15.645791368563689,4
6.082986750136143,47.79308839564597,3.698265551064097,2
15.31003758033771,42.00297391831519,23.192796043705407,1
33.12767934195671,12.862779912128964,1.8473382971951868,1
67.00931741485705,3.8865635535888177,13.93907849832694,4
43.90351122280969,3.5458726948938923,28.31478990347335,5
73.41950682182453,35.01790180278673,4.769071609752405,5
86.75978655731925,71.88020785373229,6.04106030716494,5
75.83722765985429,13.125529872927066,18.013947341856472,3
99.22472073132491,78.69801163644256,29.395622147860184,1
75.43610687316496,71.56743093138368,11.575072448567813,2
85.21791950074505,0.39434908856111894,19.4593527833162,5
83.23663584650009,2.674787298184511,4.569511883449017,5
73.02657622800466,19.503321553805165,19.241913997929068,4
80.18018166558906,5.612091105058504,7.579861948646796,1
93.46832278674103,53.13431052703059,18.39862822473992,5
47.52073785262926,3.9627261458415775,2.659836242508283,5
63.82870239125435,80.26458379953976,15.749070651159872,2
51.49397215727727,49.296206894581054,7.122149840197212,5
85.1036987192073,72.79543666724776,20.4512610998824,4
43.13596028715073,75.07025509358411,22.430093612049465,6
81.97267711447329,50.67639396702327,25.444275916781923,4
79.93545750571388,92.53628762534662,29.77186106757246,1
96.18861013685905,99.0240773855308,13.78064338959696,4
24.89206992574188,35.921468601454585,20.11783251621973,1
70.96195098859123,12.586414024923354,0.5527114875636507,2
75.69194976474863,36.32381786478669,27.152610999186333,6
93.62784928046656,22.33538970142701,18.47229436585737,6
90.6902418055531,53.10056670617501,12.640349378197113,3
57.35258617084483,37.83876012524014,13.02938228281952,2
57.91531858639798,48.04494142867909,22.73986939081187,3
16.72912284042294,76.31875760760015,25.004100106076823,2
97.49627024237711,27.402097454185213,24.237110289445553,4
25.501746270342686,53.74747246397254,15.31753959141071,3
72.47362184512922,33.51612493286884,11.13439912704095,1
79.57950048053125,78.49608641206613,28.366180842466065,4
44.121550461138106,63.95366324076963,19.025985743106297,4
21.119372002905802,0.8504730510610736,16.309602269826346,5
18.896038421968676,66.00513411052184,17.949567960848782,6
85.64960009015917,17.016200806658233,18.89599524558848,5
51.07564867485148,72.44737902030393,21.39218652320712,5
9.01369820382667,56.73386668454581,16.595540851234976,2
71.70194727628886,40.14826777231747,26.260660633724356,3
25.01710528050296,69.40664292072584,25.791426428211487,3
87.63947507508793,85.65932858687802,13.267732339585121,6
30.957178602997526,77.87437138620732,5.0560833637660965,3
20.027083009014312,54.53792765719076,17.299671413133023,5
8.485844355493432,72.26943202595297,18.622185663935465,4
51.15311366376475,41.39145543927536,15.701387218612057,1
45.07375878182873,78.90261215631287,26.717334398218988,6
75.13121446031428,82.90518916228181,2.790607710730977,5
46.46025871930364,13.729383687639874,8.622555145056015,2
34.3815968924371,23.803135959394627,25.973695389678557,1
26.165491563294406,26.99887373491584,28.182399390666166,6
27.81467454699711,16.608171898209157,12.777752241077057,2
92.78479018278139,39.25350068974207,5.779319455228137,1
16.50786020878123,19.303321144961227,12.609884895298043,4
98.81764245571502,59.55393109266095,13.684993362724079,1
32.69194551922248,10.161544289761594,15.587081344876507,2
8.839023541749746,26.99191530267564,8.230592405488533,6
24.8690380787865,66.55206459463568,9.378822213504673,1
5.8414379554618705,39.85451231333492,19.66762894038276,5
79.00297691639159,42.14627418534077,18.653824529899182,4
51.255291254110546,79.79252529583893,19.863075453460038,2
33.69866188668009,98.45115532909865,11.318549495927432,2
66.20496046315625,56.506778325421294,10.093705154996766,3
63.06465259503202,7.9067171463607755,10.546160189188168,4
93.98720892275902,10.290297422363592,28.53529456469005,6
96.12605167483797,96.8500722029416,11.857353094329685,2
68.06837756654053,67.92349127484715,18.18397189013777,4
81.78159272441685,75.24691183338193,15.685295614996157,5
79.24251003351786,67.57637576855414,26.286654479834763,1
49.13035326998998,17.96176016951533,11.073504023384372,6
70.4458288033417,44.8362160824762,13.024333330685115,6
7.82590076835702,79.80804376193656,25.283828663466313,1
75.8021083150307,86.63629629420733,4.828728420897175,2
96.18330071923677,23.733551474637203,17.828836436259,5
8.497475312573844,59.59617908338206,11.997246229314118,5
83.61157845918545,15.710190273845337,29.57374676775683,1
93.29800266492713,95.82768731217516,21.641523504018593,6
22.618888980206208,25.22042889924876,0.3166878841838461,2
52.481118760920374,72.66351286038967,25.184217013399316,2
92.78582254629885,23.111294422685436,21.095389685439347,3
96.02260045229679,61.60539428785417,16.828827467479297,5
12.788238435231635,65.92643070226565,7.083854276529512,2
34.90042255554506,32.84281034547527,4.479499512230708,4
69.81446411508566,81.88338654260512,18.85198688575254,1
22.15584993859303,88.53708982474505,13.198208184412918,1
32.47706286344808,85.50699302539951,25.84860936693389,5
2.3291060004693276,33.07982194647173,7.871207108330138,3
15.35216809311989,74.4340259012654,19.125599425387467,5
56.23294944177438,55.94907548692242,7.465291099770529,5
65.30900663041828,59.26283244920116,19.08951237279865,6
64.8911831095837,47.74250852584618,1.4503392664713999,1
77.83604707782168,60.026114796887164,11.751222804431535,6
41.528141373879144,13.565415803574998,5.180568475972541,6
27.349071624115552,40.88472331174553,18.178019886704238,3
1.5580700042524986,17.767176198794598,9.501841595331953,1
20.66298260523869,28.010553097142576,23.14597853030248,1
31.238781220203727,12.781453592213376,3.4378308129005477,4
17.820685648046553,21.249560522202003,16.68639200757727,1
2.0144471496602256,78.1929255787716,17.810335888249643,1
15.744760866519158,54.983646217767024,0.6631229916019798,4
66.60995535675724,2.3643118512234995,1.0795713255149586,4
62.95854164725958,78.85244838021156,9.247205169840552,6
93.56836393980424,90.94683959294906,18.272263182357364,6
79.81682913973093,88.04292757826376,28.878899854866194,2
56.77561168411912,82.30168828733217,2.723505299659891,2
13.755634749321132,99.22164428009368,21.09488319632417,2
56.40718189251569,58.6401955537933,20.781483663683307,2
6.159506091418077,96.25876285149049,20.084227305104307,3
43.088489741085276,94.88442325014275,15.484420245966053,6
39.025862894719545,31.32387305034393,29.004778518304313,6
42.78138093629417,86.34337560558708,15.053254154660442,6
27.982591839478722,79.24726655587772,25.148912375976234,3
68.58304476238237,77.57987774010856,7.875618086239915,4
84.09444672987794,89.62807712919219,24.189254979205653,5
76.85169925989776,38.419000992030774,29.896372018167998,2
62.775209579088035,40.00549658873819,27.3025796332128,3
53.834479933301324,64.00523092036364,9.122151562558361,4
3.108418000803037,73.7804537814342,25.384724275451983,3
72.29339986919211,87.97371026576145,2.857713690861594,3
54.49829395784974,87.58453206592819,20.33122678839158,3
27.074105066388686,72.13396243862599,10.264386989600597,1
32.78420388534416,95.68927778215227,19.760102687867942,5
93.56067864697414,17.862861894624228,12.367470227383961,6
62.436224511722706,95.03398471800863,0.2709944947596732,5
47.59124346575283,6.419148203362157,6.93829662143853,6
62.09217397084077,55.56218811919182,1.27158698574948,3
41.374232498565696,9.019695700812225,12.81809768399554,1
47.01822732030162,56.80009751981364,25.202138601845494,2
29.03092567076704,39.010971245571945,22.13990276925235,6
43.985330059164454,8.160943150238687,23.66736558732197,1
68.55922324379105,64.81168050241884,24.215989464141874,4
3.994192508646921,73.11979996228418,11.158193641304265,1
79.50274072961548,17.41854136199813,15.180771884801956,2
28.297954086131284,69.44367193087689,15.253535102562033,1
68.25597934324998,17.904754914773292,3.396255508082171,1
64.272531468006,13.73964493152765,17.944263663848226,1
65.26280491413054,14.736326652474574,21.605393370010063,4
60.81289162558029,59.907846895433494,18.329034573398825,5
95.91018380695348,77.87908081266032,22.37897804128568,2
50.83441626953908,59.68937014738136,3.566738043745702,5
73.23191155153515,80.9351453018245,22.842268390025318,3
70.54493312345777,59.14773410703692,6.244203101054293,5
23.626757727833038,79.73212473484867,26.304804685185985,4
28.33058391868256,97.65225011333007,7.347939370523867,5
42.40170981569678,39.09598079682246,14.759771510713206,6
27.769793046320924,14.994217692689471,14.617988899699027,6
36.67430989299597,13.539681170495765,8.065509611760405,4
39.09606139283059,59.74775966565981,10.851287532587833,6
60.3864560938344,54.7103065855342,5.567902472267759,5
21.98900427350616,18.423537854203076,17.103020923756482,2
80.42918658766874,88.21049626676735,27.390840760004405,6
43.75363567715046,95.67483684541884,9.49822717084951,1
70.62441116832468,25.321564310330167,15.24187829314373,3
8.144248124081788,20.6882930901067,25.856418357259486,1
46.99653941243669,21.392185230754723,13.574971408364174,5
2.821953217732831,38.742152969135944,24.937809853737587,6
67.59099918155648,85.32271752989463,13.391719955096091,5
34.37100769970696,59.59606099411179,13.2072740013262,1
94.92528141058287,6.755343173266992,4.71719886538026,2
32.412421460141935,47.29790851720672,3.74936473279842,3
56.380589801772686,9.033168302809258,18.344902328834632,1
25.73875756946147,40.62141140084401,24.820005740361616,4
62.01126289473403,40.352014230331704,4.062194605505809,1
46.704235013323455,64.83526657096456,27.30281838320963,4
37.06282615056329,54.9453966963101,10.766394055930093,4
20.368934908017987,87.4754782339086,12.757716195624653,4
11.152134397145531,1.6275182665472343,26.83360206054387,6
11.987913395667327,77.3998822094649,26.88889350964219,5
99.90400175055531,2.265834095584174,15.745766307347159,2
41.23107268572347,30.428982847636597,8.302948333600227,4
0.1929707873339459,87.96631381795635,5.158184170145276,5
95.29287906260143,69.04141716771217,8.147401422916396,6
1.9979924229812651,17.19966783661433,23.418821928753747,4
41.85861255545337,49.07845441119429,9.737724066409486,1
71.7477585970656,72.19041809779858,20.836843830990258,3
91.45992443717617,93.73433213395293,5.856024668387914,6
71.2886291432101,63.43211992182037,14.355108980666989,1
46.36257549000118,2.4675411432927286,10.563186481764665,4
97.44420389841034,49.97018596962835,15.10836969960692,4
3.9319383033270427,15.296163917082772,17.098358727605294,2
98.6892202538008,4.777955047492133,29.728048939033357,3
84.93915517084389,59.85106346815843,26.996851415676065,6
92.89300171263591,77.69219025104245,20.87599432572572,4
25.477242409753664,3.60605554964043,4.612304115912561,6
14.245807228426976,78.35892709655195,27.570856690176548,3
66.33152793727001,70.63878798115087,26.77758212123999,6
51.585943798612,75.19868881683614,26.601102902227165,4
52.316796074437946,24.472837271570047,14.370505930591676,6
92.46191784832176,39.35954554934291,5.121201331831705,2
62.00809066532622,11.975082720721897,22.63209644906765,3
31.10638351045899,23.88909502344665,11.655451169712705,1
40.0066556417876,30.278967147743007,10.337048690767048,2
13.349583509185125,31.943663953678612,11.72346037677832,1
19.23140402756893,17.503988809681182,16.77211672397437,2
14.33500702095385,18.871179807114334,10.00556492232477,2
81.02913412113544,90.14703997921602,20.697618329943552,6
70.48734679721188,78.38936148156058,19.431713872309878,3
53.03450176108518,34.44777034914374,15.26587841480701,5
37.436783362757076,94.76435394809607,1.6191969505648585,5
66.84942903243505,23.89227127923239,28.09628047113517,6
81.2905347695761,40.68204534500507,12.350888493611706,4
88.1233215671709,81.35253114345706,13.483595828576618,6
54.701622820633354,44.288637020362664,13.68097536729497,3
81.98851218197008,23.462532290814597,10.950838747154073,4
51.130595341269505,36.85354676214884,20.23763731854029,5
47.45300891878909,50.07210723746815,0.41753087471547823,1
86.54318556221003,62.064438366033734,26.205249879320363,1
38.6373936264664,40.560649958152325,3.0731707580868086,1
39.59126790407023,43.13043311199743,29.991410253144522,5
30.491134528491614,26.39436128014252,18.84247887530163,3
51.870172829461666,53.53472984174117,1.9873942231405195,2
54.485003368946074,21.945623376954636,16.87311178280523,5
66.0461145310457,86.75262181080758,9.939233773968441,1
43.05023101095705,74.73670702663014,28.59129669378701,2
21.783729188359935,41.027898841418406,22.664130143456543,3
86.68420624138759,74.72278470328477,15.210440059453092,6
34.60008672380144,0.6995941809373019,12.893321985224235,5
92.29434198401746,34.448922264239656,29.876065973686092,5
20.735333302645575,44.03011481467885,20.021522548822826,5
56.00574762362305,46.97985075456973,15.417892271737227,2
53.661509352945224,74.87314777103389,11.93832352260886,3
82.86478479269952,96.28074275617138,9.737485723216855,6
13.885138675082976,37.999713044280305,21.16258271404888,5
90.99371729174614,35.059984952787474,17.636565447180818,4
53.14281721720702,61.051522658039616,25.445545059117975,1
58.61093839143664,28.12536141915789,16.606821699101232,5
51.016629329776706,14.135033381518925,17.469941703954316,3
3.602490683626647,96.15408704921987,14.320694845295414,3
49.70906618065981,80.9529956809022,22.878628388731997,5
26.354966267699055,95.84995530241278,12.449765282955546,3
34.26881803778314,21.783287868391664,25.558188141897446,4
64.910159918714,1.7809214969670584,9.811342834643998,1
49.769712947410596,43.72615757381064,20.778751391428962,2
9.321821266746044,93.36089629915813,26.789126972989568,4
7.304127476175893,13.832533887175892,23.07221591088363,6
18.565769561737035,11.718552283459838,10.278244275478539,5
19.088514657222365,6.895278424584205,21.190170088523185,3
60.830075697136486,76.50179989319747,6.2095444382992095,6
17.78144640455428,78.59265338335389,1.7449523835542813,2
88.17194232747705,69.5376055663464,23.741452189345523,6
20.976066061341314,5.329184512233609,24.240273456949964,3
9.113144542638263,72.32883358152039,0.687928167467925,1
87.57460163596468,44.86288084616872,28.43385041609921,1
29.5327576076733,15.789442193660497,13.376994807155075,6
42.54226298337358,29.51260104846021,27.158164423061677,4
95.90263840124423,50.1146839932961,23.645235769347206,1
94.43692191577739,32.96514722696811,27.01960583426137,6
71.49168892649178,96.97492267415923,25.00126899351206,1
6.893895173255471,47.47417417071993,29.219861087604727,3
59.33401254113975,37.215051025214365,18.873030038273605,5
98.90779350422578,67.31654289680367,6.817765411575063,1
94.69162284239805,65.05450568559148,11.686893921989626,6
10.600249251994287,0.24392804052674188,22.556377458572435,5
39.596730309036865,61.84736983007429,4.709078364091846,6
31.553674590283933,24.37689747690337,27.89527008537059,6
12.972810690490554,37.52336415879216,6.158367408867944,5
69.47983112487609,70.63488907348443,26.27924214538831,2
27.384836436023676,55.73862210106958,14.511718345157634,2
34.48658031252978,36.86551441550969,25.218604451140223,2
9.035887670141795,16.741035183712405,28.74887092433337,1
49.79675587786656,50.54821872477532,12.664423562271743,4
15.816786365205648,31.93660235072032,20.89813622753711,1
43.20904235794891,91.29278084080751,6.801528102280553,3
14.33422221033015,53.43466402890507,24.023571500356155,4
95.38498899501458,86.59639941704125,24.597769478493223,4
14.49825331971426,39.018102848351134,8.857371120983881,3
52.188715385063325,82.74371637879605,0.7242228741206957,2
19.69798253189875,5.653690217207863,12.936157553394738,1
7.6361803472609235,29.811902556801495,5.10001602735636,6
20.230861884209816,7.817593304469939,24.55653240806619,3
5.477410739043609,3.165018071487391,7.832918340514686,4
13.939738312098882,91.88622453231189,28.310783776395816,4
49.348415776321694,71.68687443996798,29.154268832306677,3
65.18155210575742,62.51100644684706,27.265077722113844,5
8.733981507178346,53.249280941183294,17.98843433118523,3
44.10186239042685,56.9554036216842,8.022840119577477,3
58.1247022853352,63.86903813864535,24.217752444991074,5
23.42256762110615,82.65797947401032,21.04786143624043,2
37.20784115160254,59.68885557955282,29.31505041150787,5
7.183486973360864,74.85807631108824,11.317560219487152,4
22.013108023309492,28.097805182973488,1.763039975031604,1
46.675292591894,97.67617378164721,29.951589865168387,5
99.04421789253223,3.1897208437028923,25.147909183166266,5
99.62650629391334,38.657659527731546,6.644690648956473,2
97.9621681124288,88.2049551503704,21.768835976989617,6
42.30863863003276,18.052296268619017,0.020705251943345937,1
8.068037841466502,14.133809293365795,16.734271736507413,2
32.35734372493335,36.54307668999135,10.885147230048853,6
23.77143753709773,42.81947005168275,11.439991237128806,6
1.4126574909854583,93.33940606617277,7.335594185162274,5
9.52336102883754,83.6119534708821,8.245356469000322,4
45.31919350490661,46.40896376905141,13.640059915684533,2
33.9662463804297,97.2975100881603,7.444351064333267,3
18.035372163448304,64.22784041590643,13.993198406083136,4
71.60999706587471,87.36587319818912,17.320431617113666,1
35.71155958966186,24.605698048682545,21.333342685575303,4
85.18678557465444,48.89640742999828,20.31436952048454,1
24.097716026311733,2.971721335643329,7.2596781931357,1
53.839349008662474,0.8880193266448844,1.175687712843393,2
18.413921714918246,70.54532209394645,24.98045598279392,2
49.5300616385842,11.829362246560072,26.169385288937796,1
15.24665089783862,54.78082371108176,29.366685591998145,6
16.157862437152193,69.600748221002,28.79134671708563,5
61.22233770420157,3.223458622963926,19.01442080078952,4
26.378604217576672,44.874139914568204,26.828151118247348,3
17.236722656424732,68.41519369858398,13.44025257964166,2
92.97682501350731,88.973098785485,23.620069191751288,6
4.300325074005107,29.923010060165645,28.660036267701532,5
56.51481126958872,97.42165296843302,23.88835671622992,5
54.826384183326525,84.45414996596973,12.47296097855401,3
25.06088744030598,65.06350720818543,11.332777412002951,1
45.27717451128178,39.19255072461312,8.746282625619674,4
8.773778308263546,71.11103761994985,11.011905729414824,3
72.12701459238856,81.61932690703534,24.61729985376609,2
22.16971483768232,30.32998748865573,21.045009636557303,2
19.338535982655593,99.28300649070293,7.496375386251733,1
31.487847827750304,90.86193697546389,21.346053857482506,6
90.2369920263142,48.550144034292266,11.381863981199762,1
79.64666482835426,72.28299157753952,16.73317521109936,5
94.68922911337576,52.40088946187819,11.111078183080386,6
65.19623460330854,76.09305521970262,15.648880586575203,1
66.29215110320877,82.69822038779814,21.894116852776342,4
48.003099942621695,2.3222555157042524,21.93391951861497,1
90.51863233669755,7.913202970064925,22.595477379032847,5
51.0877149270329,33.6467415876727,11.73116386470588,4
35.50600707950247,91.76136326323495,20.714863287400618,1
64.03750099176652,39.827358314338966,7.161348943412479,5
54.61394934009635,88.75122152019243,14.322852612595966,5
12.401981530989548,46.24339126317529,17.493207504098297,6
39.27254139124295,28.885292031157338,20.594465618160765,3
31.332541109447998,90.06451830624952,27.359879752627513,6
84.68337750111317,56.06707689186775,9.143059096193728,4
37.88425569731088,36.04842950300413,25.35857743934879,4
82.15552326388926,4.44070036278168,9.333727560279922,3
44.23895939009456,11.09331324482239,16.557282571059808,2
75.350056344561,13.93103276415305,24.84299542274398,4
13.528192851118991,36.48362904106063,21.694488158090714,5
92.46502196584623,60.7332955744344,25.886090066319888,1
48.05598907989182,30.759011442192985,24.446435775491203,3
25.97982456263064,6.552763376480019,8.290417858036111,1
24.148960636480687,26.48087373173338,29.78810015135433,3
26.50772885749719,40.86816508996102,28.10995296621218,5
36.67241729179677,99.22699286723291,12.905238637148692,5
71.75195326756167,39.29869047509386,1.416284270666287,1
94.96030429007935,8.919541874744397,9.104900195673903,5
66.90374301236321,58.111481447393345,25.084575917892803,1
54.71662709441007,91.96400726262897,28.52611258496501,1
44.85978080171347,78.66956988617501,24.950158627796483,6
82.81944670376164,83.62183091872366,11.902297098137883,1
84.96572024460698,92.82317961023304,1.696094990589937,2
29.30376744328186,63.6543503385538,15.527485320286221,1
95.342024865343,99.49227306534986,11.291475265894722,4
39.51153632063821,3.3281569879650807,3.6891716153425436,4
80.00780691915278,83.48396761435623,3.1756003916731643,6
96.68198780822334,85.70106695222617,4.591106509682874,6
70.36581008556112,91.6700390761965,6.174710201539191,5
16.155072645119372,47.816945763584904,22.61359228096416,3
58.61369551739308,78.77559236206,11.451104115021236,1
11.877712309557841,19.50803991211798,13.10814390585536,6
78.91420398689263,60.31302251782144,17.951440049493538,4
28.131517387388293,35.864515236346136,28.804004322960488,2
69.52148230600186,59.61736506619755,22.694071467010154,4
91.00896741301989,67.55605071583003,19.37137841643603,3
18.100985067017238,34.706866674617885,22.31496400823454,3
39.28578386011667,21.623829930287197,21.578775633557626,3
64.71187880735663,32.168790885933475,20.707477829828303,5
41.96585928095011,66.39572451074426,14.892213584995702,1
17.481894162471523,67.68742336728106,17.005412404199358,6
2.9071614168797,74.13169360240988,13.844743993468404,1
40.65981437019629,12.653660857270598,11.84875491140994,1
64.92090265819203,81.85173902544616,8.123042152687589,5
57.39842081524886,68.81478015409554,10.656396037871707,1
15.624123976064242,3.0505076690639177,12.85588851928963,5
45.06934438673866,33.55978494350508,17.381382149534577,5
36.94710461812528,46.67112559064771,14.996252916090418,3
27.42024022933999,36.06174903868148,3.2384686283177744,3
72.92712438603893,11.741688820841311,10.199209663717813,6
30.965203002718432,20.734628450500704,11.285804058048901,5
54.01419523330292,2.456139491013254,21.207778953392772,4
92.32235352696165,9.307716135256284,9.986762530663635,1
53.92759822535824,26.630011772454477,0.23867446753913613,4
61.70229101605608,81.99702656357306,2.5300986999012496,1
7.32459861675514,52.66375099372003,14.909952539106898,2
17.813414374173632,42.4497890691106,5.654865128171118,5
10.095119929811347,66.2162943958549,14.83867233837698,3
76.48129483558401,54.15105603250052,17.226161162583672,6
83.59210809168424,13.151392675562622,28.00313707708064,6
18.645529319457765,22.262336382418958,19.667397730464597,1
21.927175092309103,22.252236099060763,0.9312216790029815,6
32.32072894927829,59.995251261234216,11.421915548545336,6
59.107761695383545,46.16243661893464,23.803709123446158,1
62.17961938000195,38.75850625608537,7.816873679697843,3
68.67539585414576,55.6639172881788,27.74919214500723,6
90.51927562134627,97.01157857825572,15.870321256909133,1
29.504014049653815,31.41934560558768,2.7734307546661743,1
65.87589892067757,52.01954336335173,7.2501162054084105,4
55.972284577769216,48.03700156441156,27.188975972659875,6
30.58372404125671,71.66430317458448,29.743792535244292,2
90.74151865936734,73.02902679829161,25.890476777020602,5
9.54834119592175,72.90707214130406,9.620300539557636,5
71.20010268320515,20.151957993874483,23.064570375302957,1
72.7873713022602,44.909313636118775,6.666829307887671,2
91.53265276899616,81.11746910291376,11.53566862344383,4
51.85805923513536,38.15301705406438,20.915043858020923,3
32.16223382192459,98.42551172899289,29.067040175536853,2
82.77406698600205,36.478674179219915,13.175948303442214,2
77.08102818323927,49.76668273419682,14.875092631000097,4
50.031561441947034,47.452559480254685,6.6050558685316325,5
76.7857375633811,43.36638024692425,12.096682282480952,3
26.78756020772608,84.56313683196215,1.8905582308693314,6
58.95063304034679,15.527523754801354,25.757576868805163,5
86.51834547878755,56.7664706413983,0.7000376764260119,3
31.79845046165125,61.860157735542366,20.50573753780055,5
48.35499824307432,85.12213080693708,8.19665104362501,3
95.10448541728894,60.92001599261084,14.283282960994852,5
79.82118419717366,96.00203477877807,8.446753202992724,6
88.70390203305527,87.21677122609289,12.002120040807132,5
38.524706089044635,34.873994835273145,16.403336592571378,1
99.65052596345588,85.99064452908345,19.22680234296584,1
15.256560468381297,95.84778140934557,28.20858429297349,5
51.8770583216309,25.71971809245863,9.966027053269435,6
47.92733822962494,61.020880666440846,17.545725389212556,4
79.84321908001345,28.180391234213552,27.051664416247327,2
90.8617772515012,64.95672790822175,8.706954238510276,6
73.11393769080597,9.36428045470219,25.95149943376443,3
62.68162361303028,73.41880218690575,28.726652891695473,2
42.74291908485037,41.981982859534284,25.424811168807413,3
51.03259170757342,58.730717867643676,17.095815040247906,2
50.930031322482186,2.586240252349814,21.663466199798847,2
2.0368473684377664,69.54414552103283,14.431976056531312,2
50.30458048276777,49.599135413524344,17.91767413349205,5
85.59708001741248,62.525100768784206,29.234222009348166,1
70.92740111422482,31.566797237617404,7.533616684666349,3
79.57086221250049,14.582017342141441,23.776413676219324,2
39.048498976852095,43.5428941996142,15.186994492644098,4
52.8973236912958,94.39791212863634,5.30619760295618,6
3.3483568997100477,22.779402665380534,19.30606142113332,5
38.29979421693436,67.58390120352516,23.772807196052298,2
47.4416044892644,4.984354403454139,17.06267457970108,4
25.520889959908168,71.80997852669284,25.122984029749777,1
3.1240978990649815,23.843718680149305,10.97605842260962,3
69.04081087789521,45.15170602293325,27.413048969623276,2
43.50877508488432,36.775310059477405,19.449602999589818,4
41.56781931122342,11.284034331735548,24.09477974794689,3
24.99867540285089,34.55819525117757,8.189553745749238,5
53.78303989980171,35.01249582931856,13.3838493570875,4
43.80267812707315,52.21056390297516,27.28852235220436,6
47.3984473029091,97.23515329399874,1.5268665150564464,1
58.0871348436382,47.00175225106303,12.119451406895417,6
0.6324647239735359,91.44261556326339,23.409559741615073,5
90.76959035384226,46.155765856255535,22.314440705340058,5
7.108739694508126,10.754330087493946,25.548684923080987,5
45.09247473159945,23.015289527594017,22.181710040362297,1
20.737287523938143,40.75176760576002,28.41276447507019,2
52.378236936987534,32.53687729701847,14.947786660501375,1
28.023010879713784,86.58292875324916,18.728695105598728,5
86.00064980626038,67.86456021965513,25.431172756806795,3
39.635983396242025,57.83084519186734,21.050728495690414,3
63.87555557684374,49.12295512366905,3.0617015662100755,4
24.887972814787894,39.727061828906685,11.00989357784375,3
1.9406150494017504,61.21924398320113,16.577723949956162,4
40.41545356132761,12.4607165444381,22.641526315847067,6
53.64864895582902,16.253318821690566,16.307027064557197,2
45.954715126175024,30.311635339669994,23.326477241513757,6
96.201436381886,17.11846164610744,25.128284293887237,4
70.68391738460284,67.70987190248167,7.953848108855431,3
99.56698006253953,2.4768321406245297,18.482945194863404,6
29.506009031397195,16.01774916667501,16.71331132442349,3
78.90532796071466,90.26081094988034,6.819517579646034,1
55.55584675466139,99.75431482220868,14.696342677104942,2
61.176035444849944,48.759047782809304,16.457048537061524,6
98.58532004423277,49.53700730217583,24.52019625617594,4
65.3987199751117,77.33987622374381,13.829681239268409,4
89.88168923369179,3.6189577620575064,2.427479474278483,5
72.57502347192471,42.70214819009781,14.618878746966216,2
12.738612172475005,9.982788181495984,25.13852833129298,1
69.94237103223125,40.092638265648596,17.13766356982637,3
48.431558868548194,98.38218411288749,9.565956831066538,6
91.87979929823425,75.36332808033612,27.62912843952775,1
80.68344471904551,98.5045875685218,4.669541538781853,5
10.413468760722521,74.60486256706017,9.806329574799067,6
13.391564365355846,60.81100718065884,13.1140407188874,1
6.961100179860558,75.42208329272434,22.139336637776292,1
49.32448747446174,65.90916729709846,25.07240376377283,6
8.077175920735302,46.406602990190834,1.7568142873559833,1
72.3678336574694,29.254633400521,23.761074613907837,5
55.235858145043274,52.01780593343549,21.615852457519896,5
83.58850175531424,25.849347390143052,26.839569144354492,2
27.97957886713163,48.66763464421453,27.013289724766263,2
51.91407841611407,14.613540592108599,23.325766759813455,4
11.747968591054436,56.53950989700408,5.706080527910611,4
88.46100026502805,24.528369081210478,9.41614519968152,6
17.50049622898383,29.360810394156967,28.08959096545494,4
10.236225135040499,49.90281417823884,17.945198995615733,6
20.50505985231833,16.252625302158073,16.162822031678633,2
80.62314887229815,96.23798836359191,27.471283201319952,2
10.58145276846828,44.69443153928761,26.225957222989937,2
61.44274948381659,35.22792296267511,21.824884599491426,4
74.61813006151257,2.919660509258093,26.467569124786305,1
75.10811604828712,84.32543631122329,3.415049315864519,6
19.006088660813113,62.58339153063843,22.726318997997243,5
6.1623998377612015,41.64051548412972,28.96920606590604,6
44.88063837722176,24.55327993384757,1.4693037684421317,6
20.24853452445461,74.51374186753851,6.691369553719025,1
69.92708090139381,94.54745757416671,23.819051665962565,5
35.6692799655421,38.08097056520202,15.601414932919571,4
44.93539410331321,13.487606837923128,2.5985506362378397,5
11.348493310171182,10.919474727273737,8.038740874680636,6
56.75502865481917,0.6361972333885912,9.72178799767943,4
18.552418963190732,74.39554407717219,9.631881655378463,1
67.8985660914937,98.13953859016705,26.330182484064952,6
7.1168822547893695,99.28177527535682,19.86109372074124,3
97.58945922813234,78.41972543429256,22.047518351070355,3
68.45269785858117,16.218377829604357,0.40710266665654804,4
18.172956781192617,97.77094559131216,12.825360088812953,6
1.4094645461855793,32.781344300195094,9.534618841965807,4
33.44628922052188,33.36196094925437,25.557762067205214,2
15.28132640522074,68.73369528924388,28.61608961759555,5
21.841133311954597,4.904918707445138,12.700225487610158,4
87.27502584378894,82.57697299075592,29.19181843713896,1
60.32046600508495,99.7297276487744,0.43077612131304344,4
17.64576530288995,77.50697780899173,9.771582126258174,5
55.66594006874488,78.16764912073332,23.247935337898497,6
25.578065342499322,39.0313670566551,10.80298891425099,2
97.62008643580891,6.592138901565692,27.62886991133749,4
3.275723026369526,79.26674342344234,6.553946774943915,5
73.2318422167815,59.71580869048005,23.87000181984332,4
77.29970261914274,90.93386891220844,6.051067572075731,3
6.716276395770027,11.596290016683252,5.91314753018513,2
17.18693642313516,30.51230630941083,13.37248075149823,1
38.43066591039575,36.06561537233864,28.348217649909973,5
86.81548265290678,68.32797085446914,17.563648857070447,6
53.69999384184994,78.7745163103155,19.050986846207405,4
65.53068500072905,96.10204085844202,0.291980174058486,5
78.30128354568427,29.540715832415444,1.698456138952955,5
82.81227883375199,49.36364085642473,2.008020769830704,3
47.628454308368106,2.896093008129841,24.589265239836962,4
50.87931387734813,25.29878781088879,7.105563652750067,2
71.80058570877794,37.40035081196403,9.865145539162267,2
26.33423587356264,59.38062065254483,18.29858335886942,4
85.44897363655244,47.0845493599174,17.518629529599576,4
2.078682447584157,36.447505977699734,12.315884927053212,6
19.577160220972466,62.40779665293415,0.12900618104515482,2
80.01999430365032,82.86156771170003,13.488077251524471,2
34.025821189267226,24.16811329847892,22.166478471600694,1
14.983283269230597,34.287587926041226,7.0571794597636615,6
18.675475571140332,70.49236496870199,21.250740308214542,5
53.07564019360696,77.79405987585302,0.4545845945183469,2
84.61815293449878,82.53968717346473,27.240234129435954,6
7.065071577111059,20.933121889702868,28.50117622967372,5
3.0480909124649402,53.92669612444156,0.07384450273677956,3
46.51681358368431,90.00110985252844,13.73455241419537,3
95.61874150536347,39.195045509149175,12.414658207160072,4
27.90098034141264,42.98830902215557,25.256500677585194,1
95.91705390670484,98.48229439006857,16.22164773969806,2
88.76811765900014,11.305264603250542,18.34096409808153,6
28.313507638751112,70.5601989461636,6.075180092592673,2
81.69480642561467,85.01841270408919,2.311940039912427,1
68.58673025688188,15.079351663401741,20.769932915478755,6
51.182238890475716,71.44532360072374,18.62027975908285,6
42.29161430428747,46.97382220104422,24.96986201949834,5
81.55027559254567,85.28908846746432,25.340503423261666,1
79.30794326950212,90.74523168359062,18.931058219188095,6
75.69363359425591,87.24849031545733,16.150841488508643,2
99.82559512152959,6.438513757901276,27.42024807035553,1
47.85124609413839,75.68552768149742,24.037924075569517,6
80.69229778199158,92.15275749858294,26.47274984902734,2
86.24783669834784,62.1348440670931,29.875226948219783,4
21.160258145368395,60.08760604784902,12.105173632995374,1
4.206644205306098,4.5005387398111,21.508039868722523,2
40.47484021885796,85.60330222059385,20.64203445694735,6
85.6736684436776,4.640356082916153,5.224281399983999,4
28.910328119451023,31.350960638467395,19.096457990791297,6
70.00101540674241,92.58630652872155,12.842678276367113,2
0.7348139064262682,94.97451427295121,13.519067703411334,6
35.53644323202377,99.19005404759226,5.4041396956217085,6
61.55166947581512,47.64022856128862,22.34218038407906,6
12.975719007233689,17.742954638101082,20.938229690347676,1
89.6606912147434,48.79444868290839,15.968704170064909,1
15.627397711707925,10.231292508304923,4.701575736774643,4
90.97935450039947,87.25361089699697,16.705943560713806,1
21.638930868297468,56.053723326650484,3.004002664410611,1
99.42786739158407,40.450589916675526,10.181160784267695,5
60.474871329559086,7.95307024808044,11.170735283781386,5
8.434489443831128,40.52406768166305,26.502761776219337,6
6.527723447865985,86.61916083901089,12.466862263331555,6
7.492169625946876,70.34059324772127,17.95409605877391,1
58.989274729095186,8.245551751096658,26.243369637119518,5
80.95792023273852,15.990719972617583,12.772783162668889,1
40.29627417705057,39.23084907075046,26.51110560212196,3
44.483575928186184,10.137508268591866,4.093839375799192,2
58.9287703664628,93.4041191993271,10.945294714798795,2
53.30406047863557,65.22920446308758,2.841817471993937,5
68.80617331012702,9.482300130394506,16.827888878438543,1
47.17857201630265,78.80574623804607,28.71846181223407,5
71.38606850640676,36.84059285719429,19.708555059637956,6
99.73107425466341,24.487064455322084,18.78226852046246,4
35.029784224876494,56.99849419396911,8.34475896729415,1
1.2215462915350805,1.3372133120541307,27.933202758693653,4
12.562504555165477,46.539766010425495,14.146043543270837,4
55.35141849869538,84.38049930951695,8.010061591374575,3
34.4257787144652,92.80575959855683,29.630999412990228,3
93.99825937049926,34.25547044164398,12.69371801384217,3
62.744609010738294,64.24365881650444,11.144969472286325,6
52.035518596546794,22.682343836883355,1.0488380189650326,1
79.80395012720187,56.021307098470906,5.3488491943404775,4
25.858987104909513,25.402772615318902,24.27574065216841,2
81.97385402823598,57.135650862745294,14.480853138064507,4
0.3061104864092945,17.172211729323095,28.646241807755807,1
61.96773621357177,94.12325567607434,2.516574096707439,6
93.4757151045779,88.69174764072916,18.478303271952953,3
78.785995203387,33.69182494488398,21.59952442629946,6
85.36341921473594,77.66628889249426,18.635493793938103,1
39.69546951715005,9.550413073219454,15.896326803775665,4
82.42389461001262,74.0360908705424,17.348949610161327,5
55.08316650302666,28.245912961270413,20.686487741292606,5
61.85402365031989,13.56417686758623,25.897906309125872,1
5.891533933580351,67.81912179036136,10.090339328540574,4
20.155169717439215,46.98068178193893,13.78962241325003,1
55.096441551355255,53.013960173044396,19.077287598515127,3
5.880105782349765,52.05297841379208,9.426478569793424,1
74.14468065877132,5.944798210601954,5.363485978400861,1
84.00570085219016,5.138024909267703,28.985062703343992,5
92.03623612948049,60.11675039480969,5.841866663887119,5
10.176845917980593,62.38646423554166,6.981992862067522,6
93.97202480228,4.717455651511459,18.56058301447777,5
6.762000762929499,37.843933188781776,2.3210492976450836,4
47.405621592781536,61.28512795604274,1.0214296144561974,1
84.02510206278117,65.66806557530764,1.9204081141604579,5
7.031113856445536,82.82757592765515,3.6979093735730495,2
1.8231072988983632,42.07322835968809,12.875905864025615,1
2.494771870665069,54.825778114696874,24.877819303934736,5
51.127023943603355,57.856037560881724,10.25915679286582,4
81.15967445966629,31.2045283300319,12.825942439422592,1
12.742667107259964,5.38254024416116,18.00753278507601,4
12.461025407954063,0.42259262051046464,9.064332768712836,5
56.854685504979166,83.61254161185249,12.976136363039414,3
23.42956008119237,20.023182252238637,11.589350605930823,5
73.02137351448738,63.025466415913556,10.256506249500596,4
94.96353881767499,57.70474786439196,11.651795084461124,3
76.60334066004131,39.9633076740519,0.3335313123618999,2
87.71753663789164,83.34933087006337,26.58782004364754,2
51.95860575716703,69.8401595693379,29.320403923460724,5
83.23193042175333,2.2741463439172938,25.87488574248415,3
18.290318398668237,77.66940733566847,0.17226822162724975,5
6.834789039562739,50.69988180017623,22.526566400838657,3
65.5953110124686,34.701928908284685,17.193005177601407,4
5.1952503758055935,72.68846565116779,2.82524733023251,4
89.24814191396806,68.60656296462693,27.985774046387927,3
69.15541471074185,31.058823786894905,23.286513876679106,5
95.2200725408912,98.30388714978814,4.35888859344281,6
31.388665631323565,64.87084867117532,28.92124289080488,6
48.61583092016208,60.577971245389364,3.7859625843192024,6
74.1690365045119,6.988036348177207,13.640396355278504,1
24.277898546082056,27.931878034473744,4.769271979775189,5
54.18488201116669,44.69740023264415,4.505723851737134,5
65.94672750054781,63.06257043096763,29.034172151238305,3
97.88086544470413,51.27636307303778,17.163683441770207,2
74.47032942423849,76.30329334713912,7.775247530790075,1
11.8130850279074,26.25677124679019,23.291981125996003,6
47.53334513833103,70.21569952824844,26.25733197907522,6
58.87707829895721,81.65970468911625,27.52811810363336,1
14.662314286435274,76.50499755829533,27.98954912900616,4
43.19660569810784,77.08465845880335,27.167454892658856,4
28.4005816335823,88.85070572621655,19.167971877797118,2
11.882754226202596,8.41785424804895,10.273999494211713,4
51.20419334634545,69.7191571374103,27.767030323166463,5
16.56330810123454,96.8678201116461,3.6748958400115805,2
59.05374085857233,57.36506498745382,5.063994451524526,5
16.969693224186543,21.73163119843926,13.014826214870816,6
72.3594923602821,99.8753805774213,8.509948266395448,3
19.524162302967042,17.467729282147893,18.47198442671614,1
89.62851007761495,33.55576973748593,27.159057688938695,2
2.620935654880885,17.20621884171678,14.730939791173428,1
52.1997387045736,46.45128687500682,16.61611780255597,3
32.01047658865469,41.88760096109583,12.694011869432774,4
22.50765257745908,49.124089651057275,21.227074799278157,2
47.1602779165148,92.79834000554295,3.020663395386415,4
84.20195363242607,47.83243858342251,1.4576965777968465,6
91.52772055266487,51.46263262136441,19.240154232994886,2
30.324861814784576,88.6682105918468,16.046356354624557,6
15.424362209507125,81.77579940148323,12.22074087058133,2
72.01404475663072,23.97220312254442,10.019779256375159,4
58.19987254559883,1.2925955228850206,1.5542233212937662,1
20.10161486775599,62.94995922020511,20.416684872419935,2
76.02957880874366,84.48498238375201,12.644026074621518,6
51.89304352421411,55.285011261040005,13.358041185588501,4
65.33951995074075,21.117692001284517,26.80334554235675,4
35.93390339633887,74.13550906753068,22.126436475704363,4
43.9097561302376,66.95392826112699,6.583294460798745,2
18.03420983749422,56.503253740855286,19.71499489565348,6
75.6515867645341,86.33361740209837,3.9676595551097305,3
15.701132415179186,78.42423529390328,5.8219160355642945,1
77.83025947510613,66.79520914227804,21.42447722197304,6
79.8007854884586,66.47586690232184,3.7767125474969268,1
74.66009640551216,66.22026342982748,8.405818541129337,6
1.9422788058740426,52.516474491656396,26.94180803950618,2
27.313321260667355,46.3921644643847,22.149464348446372,1
46.83377427918137,70.96004594987197,27.883785529230597,2
59.554437871679575,61.049448147023114,26.455000258836105,4
91.92220993690502,48.99805623005431,9.377382659259375,4
37.56059721287023,12.666135391104161,18.971323034431098,1
87.5023318773954,70.19287886531656,11.360870343653199,2
16.342928813683656,64.59985705779654,20.91312994878329,2
37.128048750862696,34.22484259735036,10.45371064952739,4
5.2282010821322995,35.63231662150768,0.039521156401776114,6
74.24892910556223,24.67223841352523,2.818146455153564,2
15.065275743291295,96.19152563650188,23.130369786683218,6
25.702001564845776,86.02013628687226,2.5201573431678304,3
77.52332521932148,56.10490294122168,17.982680497207273,1
53.471671742271,40.165314655851425,25.73335537077577,2
1.3972719418462565,73.68252636964233,22.23303710526338,6
0.22352047473971348,52.772817612599724,12.40316384458622,5
51.066063173989704,97.5851033915114,6.25812645879459,5
30.495551374919483,5.512261392215456,27.67612463225483,3
18.031144599517713,3.4285734053475125,16.991990453551796,5
61.359393771611096,56.861101797337334,12.162601778011675,5
22.84364717174271,20.327922268890674,28.26173097069835,5
59.22071496849479,60.43041635501925,6.450532316157326,4
37.926595058627285,78.14230285471774,13.268456173608644,4
18.674621766978973,13.810976118487284,3.259371274905191,6
13.810473786874866,44.060822418952796,3.746407826986146,6
23.686060312728806,68.86670834493552,11.957887679905054,4
2.983210801298508,83.38635706729713,20.989810679552974,2
30.812696203626842,49.634409003635724,10.166818324625503,3
90.19546901817942,20.615358690602157,20.687939178090065,4
83.13621258830283,58.579925558563296,24.155714077571776,5
37.200375671965894,45.451706872499955,26.32733743960009,2
57.58336185818038,77.19254270044858,1.3415851216121077,1
56.73605590140585,55.5576064202948,23.211949649192746,5
82.87375391937123,27.94228449704308,4.414263666720544,6
23.629010151696562,75.43929197211881,20.947868798980025,1
29.638748879301236,51.77470129619597,11.149873968000051,2
30.17854337456115,17.75465522783275,21.233798930845854,3
4.086998977167433,56.30723231419945,6.414727335239906,5
31.46878632891922,94.83200598458728,19.349721567029857,5
87.7913776588007,70.5516260937736,3.7654226118582166,3
91.1987647571481,29.88033614579789,5.092366429704208,2
10.96353457685504,71.08731752928581,18.43385775493679,3
45.80585416184314,28.260631100217893,10.10314474951082,2
38.13489015876391,54.268883754126186,21.113342193414255,3
48.93591966233879,52.65957637875528,20.554783062080624,2
55.47195240586772,24.739087891180368,18.64901970765235,1
2.025876001774607,34.7881199879818,21.916216237029534,5
84.22422479211608,94.21814547860457,23.818057219909914,5
97.36640731733385,25.059853641543363,27.34269847415472,2
65.34048120036424,80.10270436309858,2.415474884452805,3
66.04522384933692,66.737058001214,17.146470443353493,3
52.79798578307084,53.262913252576446,22.46330500861203,1
33.42734117143817,13.751486946516344,6.508243700096319,4
14.89778241795211,20.45707527063778,7.908634289308378,3
58.40633426960507,17.897762359040392,8.008930330062626,6
4.494140350920706,58.67942589737524,17.169989144235547,3
82.45025676918739,97.33831967184781,10.985117053969793,5
42.091169947061545,87.72392627749947,19.982842203647973,3
41.47542241619748,2.525188292957725,18.30719045903809,2
32.717085847590575,27.372662446234653,19.713354993091457,3
96.93538886985864,15.725745893702214,7.569528504276791,6
17.491695277071884,97.56778418979017,23.021141274689906,2
15.130782147521115,23.561023459781506,19.921066523060816,6
16.553150154503015,20.131318503879392,3.9194883789435275,4
65.8527482850764,62.08752935822592,6.005185572271991,5
99.18953187295983,55.618658357478644,9.028954389193952,5
23.54751704017547,22.58514837812349,28.081245235161937,4
90.56173970674878,67.03648645372422,9.790495908127001,4
27.861655920817242,9.700721129468914,0.5963724799595771,1
64.78999201253002,1.9369066030892168,4.248772129765497,5
4.049895193336772,8.241479070634682,0.9651547095243851,5
49.5653974576189,36.48682259757726,12.085177324296497,1
65.45699662789818,97.50163278748174,23.91460202909112,4
53.63197772226286,54.72469988093639,13.5130734176701,4
23.78353848817911,75.47261030154672,25.1698240437944,2
82.84969482679155,32.149575223155935,1.425879640822122,1
97.01365112382403,71.93390654833291,14.091685924342919,1
45.91960956920653,96.61811981223575,23.61226116388263,2
63.59192651892537,35.77608902820533,20.241666529618517,2
79.04132683455725,99.9059434735025,25.58476611421401,2
24.1489060621794,63.840995103166605,8.215041717287253,4
86.44503819287854,74.85914124647238,15.025523888641459,3
28.020090530999752,25.216723884814996,20.306357350266843,1
77.58308035152388,64.30907691772416,5.054698684763627,1
11.209923242642205,51.10062514623874,24.47420144031111,4
28.83867034141697,95.6402645477436,9.344101523729183,6
53.36199339398677,90.46750477895155,2.7992191174708427,5
52.49220957043151,39.66725989250772,22.971038720458818,5
85.04311844863662,94.68697515382334,21.150539391959406,2
99.61272576386072,88.48125527500098,26.510392598533173,5
10.721084586014062,59.03838503691392,26.76224236311372,1
27.138813282503705,8.211790878954028,8.355773537447325,2
35.759821022307584,16.079024065953774,19.240883256534598,1
47.891840781000504,7.687424467380022,29.973689885159757,2
49.390974315439905,10.799311464906102,7.314196453832162,3
85.61950631484166,97.69523743930777,14.186300056758544,1
77.05593027850998,21.21672992161523,27.304990939215255,5
1.8851579037953314,69.0854582340663,3.0923892457978894,5
45.50217605831879,63.65282576827697,27.847496926685846,4
61.80738382440888,63.11448648530038,14.644667836853287,2
46.03955870930234,20.67039995960298,26.79122365716005,6
13.064525602570232,57.934659438460955,18.641142324806403,1
39.74740836906482,62.55383495849516,20.14306641069235,6
41.16556951297361,57.04053166451111,23.189572542839795,5
18.771592244975878,18.616246727567866,2.0140827595250412,2
75.63071144709535,72.3060597074709,18.833050171189186,2
32.14006801424768,7.3243161916511035,27.718117343155765,5
58.89872905686162,59.12000118196219,28.68371171879871,5
51.573018095876755,43.62593324013133,29.049643320100582,3
87.74270792163887,25.028659313307365,19.37498637803811,1
12.201493186283818,80.73889890261387,18.99860544374595,3
11.426300825346015,17.58925666721839,16.57395200331881,3
30.031966912301577,93.2981759897951,18.22660077455068,2
43.1214968125835,88.4565028321187,18.36353791149482,6
29.85422487521395,36.0587547162083,1.27224805565066,3
76.31870823952438,30.51529308585933,2.666138578002626,2
24.526584310929966,13.748668341890212,18.58249715292748,5
8.477474277224474,91.63278159339558,9.42649290115456,4
41.37998098841476,62.7531858823272,9.042764550297022,4
77.33792881384841,3.1783582143403155,5.803219179449094,4
85.05619435867413,51.09994145616105,24.03209908302266,2
73.33448483633508,8.579894782938691,28.929855111618895,2
55.7886678499744,57.375068495284175,18.832740095899073,1
72.41917017491767,50.89617183208125,28.36259686819266,2
68.13895353038613,8.284604550272201,26.516524695311627,4
23.436663249506083,81.58605931167729,6.537809352990936,3
55.075889220319375,26.231717716627767,4.605777035306141,5
77.0609332638432,54.148436416669895,6.3476035658584,5
31.71206618751382,63.90388766305344,2.886281515967246,4
65.39731467169314,96.23045335751665,17.486375009608757,1
48.14804275187985,49.38116928798459,8.479501285126887,1
50.315885094502,91.73157722879235,27.38750084254289,2
9.005503778215973,35.485734134769885,18.402233196817072,2
66.62171653053798,85.74372016499949,10.78831667306194,1
86.568703535452,23.582622695141676,29.539218958931446,5
14.14312880258628,70.74797624354177,28.59583487675611,3
36.61056622164494,8.861199375499652,23.35845705927601,5
4.866745484083501,98.60503566836593,23.750510263189042,2
2.9631885976391104,95.3936399862368,29.318103945734695,1
98.96584966717438,44.22136385173777,18.01368667919881,1
49.34715083063846,52.39352179902536,26.400595479955633,3
35.551901863524634,59.777486231802214,1.9448316689997203,3
27.487707662501894,27.503755968967003,16.621875583629667,3
98.00126449449591,67.44714352051626,15.07549018404974,6
25.225078552168366,69.85619466045159,1.13171586662547,4
72.57083957377432,52.50764923252756,2.608559559723992,5
28.37580958059338,14.774069248521771,0.6551677205061945,1
7.048950535691912,91.91859438916,8.82045013459339,3
68.32766145179413,11.504508234561527,1.6053368854882921,4
0.16308476298648733,62.91721687105114,12.694790542824046,4
67.57485115605695,10.30885966097551,24.382392341187526,6
25.037659898982312,14.610070913292262,18.41489425309448,3
74.61042320715012,2.0538314028828997,20.21369736889904,3
76.97501673506494,36.33640838567595,0.9452006132890767,6
72.4107238817538,63.95825644220379,25.185790807676018,3
2.448344146761039,52.1544219732872,4.385711381489722,4
70.37366196437685,67.45391512484858,9.079526280974608,1
99.01456140557632,67.50188608709529,15.503816848001593,1
24.262536852562288,14.017374399423865,27.899802930394753,1
27.423857222533854,5.733740342171556,29.94447505120388,3
81.35265495805395,62.535814043466985,23.479820508642295,6
16.039680505608057,65.32243049752427,21.879426711824078,1
66.05836755045516,55.67037351417044,15.830469921360953,6
75.50263775005784,24.576246632407074,19.96882013997486,6
3.7160661819357177,81.07652169822539,4.332725262850612,1
55.376209426522614,7.568601549625709,8.075883617245479,1
57.58772585358829,63.23117893213593,29.539285904912536,6
30.34428973917942,12.041153587937215,29.388450694366153,4
87.63446693975172,65.44477164332297,9.689171839884391,2
16.27497192998564,41.77257878234965,7.23145717714678,6
36.41947095058605,71.81030554376714,6.885542244522554,4
84.86686871473293,5.2192202476934675,14.545931505125987,4
19.06427566059925,55.508298848036794,6.7129973937331675,5
82.1374136327675,14.487789888007963,19.45489897652083,2
7.906917736795571,68.23816316104737,2.2445943406180566,3
48.922906718999,11.995563131168241,3.1103166725768014,1
7.533066244570341,7.358332295192582,8.308028248074017,4
67.79035850615142,71.31227981836126,23.32329700135285,6
79.06014890556003,6.353193456828232,9.69868617126036,4
84.98585482468029,22.453081793151608,14.124503468515549,5
98.12622507439887,82.47351971256721,19.698661380275446,2
67.20157222995869,80.96883078082263,23.656197659189214,4
76.90619138400203,85.41257577807761,9.21327063673958,6
50.57582783213294,32.60998895887137,21.92908233492666,1
91.27369011811261,52.804802875020926,8.582022130539977,2
64.37583821994626,77.33473526061519,19.333986250998173,5
88.35514062513434,13.698551501108048,13.526404223840746,1
23.545201701388084,72.43908792157183,27.798834580518072,2
49.67377807180643,9.748634939465461,29.462801586633816,6
72.9818921063804,91.32506086268677,23.223693230708765,1
20.272175456268325,63.73101825116259,27.463930069302954,3
21.133979326197828,49.330531268975584,4.095127260725732,2
97.80427404056374,48.47292546671642,19.633918726437436,3
43.46103607372061,18.13620478449104,5.951038247172247,2
18.181545292377166,34.59173724546537,8.30905514917345,2
33.1463881981506,72.7123665317149,15.684697236468846,5
39.73761482659256,54.09436208543885,22.25961807131997,1
62.30852574702212,52.930620410026286,21.644822225864335,1
92.30146590477524,19.52458945455794,26.083780258711297,2
98.65900759220911,69.0362311953684,16.778245563797615,5
65.16987589111125,39.203390106135025,27.79027960168722,3
69.99223607977247,18.275333843853414,26.636657870609795,1
32.182916969658905,94.37847515963293,25.471724684414713,4
85.7158595448749,50.67987468656051,6.885603234130478,4
21.77983352203149,52.803664751236546,15.943439795615898,3
10.638064931096757,98.1371910214806,22.08709791130731,1
97.32559900976509,36.64061371704934,29.283075235337694,6
86.41386768205322,94.30206845624495,0.34941821211330826,6
30.364513453813334,69.492536113548,9.813436018352961,6
67.51707163810492,63.309563274479984,10.270507577575454,6
46.701835741319954,23.44183019424806,8.656037093455703,2
32.312820614547086,5.175567238779011,24.522728992888354,3
28.677421076029486,43.77838382851388,1.3521430993021222,6
13.60274452209065,1.0170961995725092,10.7830425002539,3
54.93180822758392,7.100251077038344,21.350538248281055,6
44.65966901175078,59.5326755694373,12.202191573209504,4
51.218642029994434,72.44718330730274,4.321907510767481,6
21.535716747940448,16.794833192427696,18.325574182772623,1
93.86106707732476,73.25004126737738,15.678307091808565,5
63.85911963305415,94.97258265947518,29.45516508347606,5
89.96006573833368,74.31760807261966,22.455786573636274,2
10.927116603275543,78.47152195750328,29.585279635370522,5
62.28509658561748,70.07125802683719,5.590579233480051,2
84.94618186441612,22.47374404547512,22.84785027833707,6
33.092077981446664,36.088994215583604,16.5491465909975,6
19.51431691359864,94.92669627698173,21.375284976036525,1
26.502130580561968,66.12105789701187,14.026543875236682,4
27.2933726749799,78.90247339340722,6.371724591387508,3
44.71989649235352,96.86946188446774,1.3720999039537352,6
32.59636027793316,23.143692051266573,25.14864771980085,2
27.127407270799132,32.168666732655346,24.44425045759978,5
64.8512298405138,64.48016528344996,4.8761920135900905,1
5.3032371671884455,2.435747378400732,19.355426986315216,2
34.036377813973,57.12190773337057,22.132011015964842,6
68.97519659404749,80.86883795144988,16.728749861435716,3
17.584974928100593,61.044337382412515,9.516867092883158,5
22.092786221291238,29.539328389611086,26.42837706557382,6
20.06666254129175,72.41040833360617,19.27321912624292,6
0.09261067314049187,14.603162467994558,21.606525360415514,1
47.37677518315727,89.47734692785167,19.563435885069957,2
3.8958789416123185,10.09150310404554,21.63866014755264,5
27.29398117749001,86.34911337624348,4.352014348033322,6
99.48034245919716,49.78094277362325,27.677831949339403,6
91.83962113902999,42.86470034878018,8.574323938755049,5
21.50758081563342,50.06617605754313,25.096536690898738,1
31.000243191393274,20.02063030929212,26.801526122907422,5
46.37045822685515,45.76855795588136,19.536708199801236,2
84.44135466592435,84.97198158986585,17.949022862662353,5
80.26459413930911,80.0955242218799,3.2714463351474308,4
12.624143656628217,16.304853449132928,13.08663678238885,2
12.444884834835213,67.34209781290618,18.349331539444254,6
41.673225389404465,85.68372649654253,2.4560781744831828,6
87.0095389613772,81.97675886188092,3.3438603443263193,4
88.20849990955023,42.563244329718145,29.804437653216265,5
10.736584968653018,4.809284034611583,9.967024528877836,1
57.42972879655516,93.11694229737492,10.491974618734917,2
15.567519712511292,39.5885115848062,7.54587451799676,1
68.61293100027828,36.097663725634376,19.38059308482831,2
91.64332479289065,75.9514944478813,14.192276604203904,3
45.47692924755936,26.397221549202253,23.712928721205127,3
8.30827746920515,83.4747923167292,15.374844955673604,2
57.92541958945455,7.605156081931563,0.4624794085114714,4
40.85166701358547,74.0711200716211,14.48062170980387,2
81.08987523339603,96.57894904415316,1.6556187178432369,3
34.03444639263877,99.57687968741735,24.803591414442817,6
87.48972004725893,92.38043600641663,3.4097425495410194,4
27.370040763478485,87.07624054063095,6.508620448974474,1
15.751763588868595,27.888022445773018,13.798957283844866,2
30.64803773185799,96.66483626297641,5.8555216620124355,5
3.491579182274651,92.78965938143529,16.176598805910945,2
28.12459668742413,53.437250702518654,13.820952733401159,6
66.01176338820306,40.20776543936796,28.575678327518666,2
14.228297855659234,10.926725355818823,2.6512068997384097,4
11.136497278658798,59.06340778251248,17.301961448056513,3
13.23852912543504,70.05459485221976,21.611988289319513,4
7.755167426146636,40.399658318152895,3.8288102716756898,5
87.46354118429396,40.602956063053185,19.093863832722047,1
94.41151154965281,57.33113907143038,25.927171625094786,3
4.656115172878628,2.77840959071618,23.626669302844682,4
76.00717815435402,95.7865896386749,28.05512071287174,2
73.71517467171978,28.990570709670937,21.617570902228344,3
99.69094246100404,14.08908617688801,11.819604890169524,6
34.78706617210682,0.5488396134590401,27.613541537724327,2
28.55089916904162,85.68915413857134,6.760703028444022,2
45.30821208098273,86.32073757996692,17.511068355750428,4
85.65751771491905,9.530660451771011,22.96973835284008,1
72.85936425378988,15.224130288880101,26.16843500986437,1
47.16238139675028,44.7902231257768,27.496263932817303,6
24.45628432858732,18.57041730663156,2.5492694844708943,2
72.70157412683712,73.58211368367569,21.781775083625853,1
85.45268680421961,5.803974570572235,6.123128803230463,4
39.995123106749084,54.9709332385866,23.37358324460551,3
66.85854458209842,38.27915651139041,21.020691958008264,3
40.02120211765982,46.49464836922515,5.440570758009309,3
47.84934381414848,42.47571176956018,24.98490517258585,1
52.49103799549136,15.315918253465366,13.853664120556848,6
77.5725814022278,22.028148530856228,16.31568455703131,1
97.75059841289311,6.480769891042659,29.142112606304003,3
44.43661626382324,11.528557529907124,19.698767625578967,2
34.23150062476059,97.78948224189149,17.656894350743322,4
37.35910064723913,27.978681167725195,0.5028831709130299,4
13.388906937518163,30.702553933956423,5.976445052818187,3
29.69387378177227,12.710633043212106,0.7969626314981326,4
8.644741326880624,75.51642044967515,9.999372771484484,2
42.789426317924715,92.41428101872819,10.335250590819715,1
16.73572693110489,78.9750537066651,15.90990211175532,6
34.64067459744087,61.26158294341718,20.69305340977552,4
79.35777493916063,81.32329156105762,5.380355156889395,4
24.592765058913603,40.423023293285844,18.049632624292272,6
61.1894621342069,85.94973550806874,27.50928823586721,6
90.11814192486128,79.8518849638182,5.550235684776236,4
56.692918702954685,0.1724644256319019,19.772640907960916,5
19.379261277241266,48.7794134917517,1.3676742375572215,4
34.47661939659543,26.461657607922618,15.934429028733726,2
59.036920718406606,8.623291636769547,22.246177713173388,4
50.66111397598535,84.61960427477749,1.0212534357042902,6
14.861983627690378,0.7949684301122306,10.00996173427603,6
44.67963446905689,73.01635020553603,26.33870956175968,4
54.30666949102484,98.81921209971861,6.764393874001159,6
26.733271445757246,48.20197667062357,21.68623663187089,2
61.244551533985195,37.12405299414346,18.36714821782484,1
7.016009948520985,60.58329544747134,4.910629978784847,3
33.66070335655168,80.46978276476722,22.25122541945494,2
80.42768327775744,24.025199377527883,15.962429790965931,6
25.92848009081554,25.07014291535362,3.3607740217884965,1
60.51768500030782,60.71780140868468,28.4811420979581,4
41.002971371031194,93.98798208543053,14.758860874306025,5
31.64601424152468,29.843997575876347,22.352425044090094,1
91.61316879100269,37.67546632290131,6.531007965772066,1
34.32617180803835,99.33333014602896,4.1154962821305645,4
23.667590148701834,17.62221652065158,22.23920328389756,6
90.93013156402705,7.696816837530407,20.21472535675146,1
74.5944355935815,58.97552388806061,8.223230631116774,1
68.17997136981974,2.4266988421632996,22.388503065471465,6
4.953494206687581,18.043323127482267,15.149767830555078,4
13.12049607157758,62.2209180690468,10.457917699422188,5
63.83399638096628,65.9512400691333,23.606754524389814,2
20.94328365262602,51.042524964761974,18.50348242626624,2
22.56379856303591,38.37480462293833,15.218050979159896,3
77.91385153436107,57.61975844218483,23.193212902528895,2
28.592494883694265,64.33857530332388,16.344850794180278,3
7.1587302151916,80.34820462916507,28.15603298800766,6
3.64319473098611,79.27508282098475,24.54167078362432,5
44.31779872452878,66.48007655149478,10.74562718220591,6
61.7128577684646,89.42325832284656,13.947577516387755,3
86.8885233391803,83.80252535954187,28.71999206086165,5
11.080439503263928,13.32460082179402,26.8561318438175,3
19.66728262882963,95.66794413234834,5.735566129029344,4
52.980061090747114,89.17423023179204,8.229114984700464,5
36.41083622419751,32.09271795079598,10.932615580859162,5
48.25374512454946,2.0184418607039456,26.395471084317116,6
92.41246489842155,60.39759467582875,27.822519356857928,1
54.48916538646872,43.84175768663881,24.070207224077976,5
41.512061061207596,74.9566662586132,8.271253381807863,5
98.94399066997448,52.45997645086226,26.611944199056946,5
6.521566989953631,7.649043525094679,0.9864337782209542,1
93.2113448371172,24.468742025477585,12.684104426715543,3
50.1661842065483,88.25237561265295,11.328858969952128,6
50.37563377671381,3.7689695715050098,16.057188177137213,6
92.19643342032093,73.66696693982871,16.819216717044867,2
50.73239795930695,29.19435079514323,6.762134605303768,3
43.84070905301488,45.263980304249706,6.136671083572685,6
27.2488592117199,53.10054319116085,24.106997753764656,6
65.88167668174208,25.008135730720106,2.285903935195307,2
56.964509097976155,65.19604429976627,14.798581315861362,5
21.434543694778306,69.34422180978763,5.749392197930368,6
70.94129150613247,8.50594796707751,9.58701675362933,1
64.40868573366404,37.39270758514206,8.318832575160243,1
39.73338842065408,74.43773012062915,21.255666778416117,1
0.440092190355057,72.16375598411318,13.680618098836483,1
44.65811501761877,54.46033439052391,8.983255033383111,5
0.6058117130251728,77.76747798680141,24.940559939406153,3
7.499848929903985,10.764489303984327,2.5738542387240604,5
43.06099024808341,11.821126784453007,22.99081936420921,1
8.19198841853277,65.74893002963448,7.449382737008935,4
27.566543378716624,69.33338678951289,27.54057667880348,5
65.54913685589683,81.45268553210703,0.16677256108646565,6
30.8615342609419,18.103687777325707,16.699900120780182,2
99.76485941215104,51.677165943110516,18.667949520827815,4
91.63020339149811,66.08312971355824,17.319009979407014,3
58.53099045855237,22.369957382901507,24.450458765970374,3
96.69471386349304,51.692786559399075,3.3649202425143363,4
86.80172944325221,63.8445024390596,12.466680128777526,4
31.889851884048703,21.44495114776803,25.91210319059921,5
74.95962459853094,37.55634102501414,26.66205865586973,1
13.683178400394736,21.6338810135708,14.950332097162965,2
68.4551424378741,90.29429044285988,16.739006816102393,4
49.108182649458044,23.679888192999176,22.917253214697016,4
1.6825939252824718,12.083462598579697,23.388311828959246,6
27.422982239037076,3.5155311527143684,26.642438985175826,5
95.53822174042486,4.495347241135017,25.31572197549129,1
31.58314850884807,19.15862349668169,12.43269938592883,3
18.145445530144066,60.82085113069523,19.492599794149697,6
18.753144657220833,1.7649874511122654,14.497057735852021,6
47.921326464194905,28.674392475714715,3.538843992603952,5
84.2649240670535,5.816689132329933,24.65042760015188,3
75.80017651333465,40.36587702991676,18.0529058910152,1
43.68520075377743,4.857673782985761,1.740156114177377,2
20.872688343696055,60.754177662082796,20.306048370269174,6
4.606490010219111,68.84242655190153,8.493031076913054,3
46.2630319482731,73.13375496437635,2.077956261500422,5
81.47753485181917,22.434339864625507,18.19766744050934,1
72.96819935943137,86.85001619617432,21.966259623877306,3
40.86007676272503,69.02881673309264,15.518528829644762,6
59.47026719176003,5.665021929982039,0.16944820710277364,2
43.624652094621766,44.076670870142706,17.3064821082781,1
57.90161097901778,76.77564933724813,0.19827225953879868,2
51.75052443935492,31.089392672022974,27.79224903891354,1
68.0966600125159,38.15587739072648,8.019154731751561,4
50.7708843533124,62.960382729654285,26.130198104910725,2
94.06109981675586,5.54808801158978,0.3632786585061165,2
42.80281815816862,96.69350405079173,2.9164953147651085,4
1.5916303039710922,17.44810106097279,13.542249138079711,2
23.637353540898452,2.6671999646260325,22.75822137158007,4
50.060685810665596,0.5322982040420254,28.2768510150191,6
54.0571851888662,39.95543749993957,15.632844455052894,6
55.23847893120535,88.42533654753777,10.663821409997885,5
71.45520982700822,81.9762079217929,1.3366361975154317,6
27.46481426175279,91.2045798249695,17.511284152161352,5
66.49036790414772,53.378231932889896,11.401312934956012,1
70.40322731192128,44.87462338751643,27.274004540251227,6
41.12807526208263,38.586097610679445,14.401776685200021,4
40.216909914632204,4.641807579130585,22.963409493893277,1
17.892478565644975,90.95212563051535,25.446315846446872,4
41.39873762553737,49.617609228472745,2.9483283503326287,2
78.68162917070124,45.50674310515102,13.225389232687343,4
90.89730055498839,51.51674870141173,26.81152293036936,4
59.36131913179654,79.41545181142004,12.733658949590746,1
29.93703433542988,22.447108598256392,16.95462830902156,3
68.22897186597314,70.99006789949233,26.19311841896543,1
74.01462086960039,71.0769740854033,6.97780760069378,1
33.22127787806623,84.95527822581829,26.8374498847039,2
82.65478614895467,0.8683598463870013,11.91085263568846,5
7.369583213834008,17.039554323513208,17.790999859771954,3
1.0753717600025525,47.10468520447555,9.841184461975596,1
12.297077263205258,85.05403874614784,15.813571612787701,5
15.600834782750972,96.5116861627984,1.4785740906750755,4
87.89290329477213,59.48686146794013,1.957799257162901,1
42.49817022212808,21.213397542302015,12.441682858127566,4
27.49316919703817,18.458469582464566,10.048557703007354,2
42.907511598681936,63.94439539862674,18.473754308253245,4
39.48408927006323,21.00691470594046,1.137305011314187,6
30.146166798801698,55.30874239208862,5.03006009210674,2
13.789958241196532,83.4811929143902,6.287756823773765,5
65.59154619738806,38.981964846209,13.214753055894013,1
13.660440277965535,37.84721897419292,7.4050428713685825,3
77.54244526726744,3.6140336891073765,4.12988057423192,6
20.16880132804536,25.40845784245549,17.927210213473135,1
73.13713071333116,69.81914596192745,22.316159334096657,6
80.5586105695467,36.03912451321965,20.558042003916654,1
12.532600977445075,15.829891728992196,8.285402856825636,3
8.674576828800406,10.576773376032712,25.63334509100892,2
94.95727706536599,9.505337815070892,18.354665382822066,1
46.30468067525807,65.91334331178952,18.440001030222714,3
63.02354949729884,61.26214787935487,6.385453551493718,4
2.3260440121767756,51.85210056020849,7.266386620084607,5
27.87101805563399,50.03264481591394,14.242506523143142,2
50.53976545593862,15.313685268787157,7.134630931217535,3
88.6218313389404,50.060422476008725,20.642332094561297,2
27.143941756437627,5.993777660037991,9.256635367672747,5
77.51913198587197,92.58584586026879,4.5574846188404745,2
66.22129282587018,5.8027554002606845,4.548415613204174,6
11.527076780574497,42.353019489391855,3.8168333613348193,2
29.337517279199655,0.057105640317223205,13.192502368991232,4
23.786403643861973,78.61504387832446,0.0912010904286753,2
44.25275875732855,16.617018853563003,16.271168649075925,6
63.53342430475843,92.4916017821678,8.949087687586513,2
43.34197555085066,4.397774786056452,16.57436492880644,6
24.4536575751806,82.07873345644269,28.062762403247497,6
69.58787682282754,65.66378128155883,26.071428305504508,3
58.447109471148984,24.973571888589053,17.292895198153666,3
51.931390741569196,20.241960923059487,12.542109379161753,3
55.44195974459784,35.76779333770224,20.950880132475195,3
22.190064629382356,82.8402883175355,27.694179978735637,3
68.04310610924563,86.19565483354556,14.686412038186491,1
38.75005355387683,17.528537952432576,2.979231722559559,2
36.34678197300196,35.34480396843307,22.9826460127197,6
14.973420826677053,23.74913839022539,0.31437461683152423,6
59.68373345504464,12.26428476378979,22.93915438922021,1
60.266441054650656,64.6449387528928,2.547498116597099,5
34.03006436665284,34.58710232355353,3.1984972309886075,2
85.98500568655341,22.53840447763341,23.451206100345782,4
84.54578987154284,86.59977735019763,20.68565114686216,4
10.905430648243131,74.83179309035664,16.857093880099136,6
69.50383878099183,77.37611486963425,24.617555781305807,5
39.38347561850223,3.919589118328015,25.5410553223129,5
99.97148510628928,91.51304492310662,13.725367669688602,5
22.50236296846524,57.47383779742352,29.888960611636122,4
28.052420541448942,50.38028046845188,10.727398189173218,3
44.21062945557275,1.0585346027781162,5.145232998623948,3
26.871514868066313,89.76622104341047,25.37929329359675,3
69.19933663865142,54.38904704860006,12.467108386779907,3
48.090811218148055,82.51534623405354,26.23498953685843,2
22.08788348495402,65.55109607382937,1.834990334712121,2
50.63740694865626,79.66936135108804,3.331563345199249,4
88.87877663650384,69.29317485578024,1.2081798367188734,2
79.23956468500528,92.09639023358267,18.060328809072303,3
49.882892442682106,22.54841863395497,24.95592543349499,5
28.84926031419477,20.21001047329072,12.079823508260151,2
17.988646470252778,71.25415619451219,2.7208634901307116,1
87.83828771868954,50.1394800583469,11.204064822928604,1
71.01669404986963,59.916117033487005,10.441383970191897,5
57.216330314745846,70.8542469191227,19.304157742923444,6
87.94346459536683,54.742819700000254,19.564548863890014,5
12.169028737408949,78.76934476661962,3.090711517540592,1
68.24892860020682,31.886735593585247,12.605303325765822,4
21.6712312413232,85.89904435996921,19.275435804562964,2
12.0577441015987,10.767635292560074,7.765836275701043,2
46.56085100069332,63.40039769611868,12.212408595854328,6
38.739292976435365,89.01325075267977,18.410847949350565,5
94.11736093251855,25.269412790170463,12.086121037347056,5
32.39795467518164,32.683467492391294,0.9258291469670366,4
81.49022590520025,30.54417784927389,6.678479862885175,4
74.88270004683447,56.42637117750338,23.28242743396571,6
66.79238700585363,41.28718155651485,7.45512236250092,4
92.04004729600595,10.795928499490238,24.531343381938424,4
40.79245943813421,89.128722175646,14.007234771054716,1
38.96711859828657,20.467662915867415,14.18763411591834,6
16.09474235815094,53.408001098852964,23.115486459941334,5
27.576207549506915,59.48048959372615,11.498805390476853,3
87.97764560608708,4.07518436475417,7.154417764571129,2
47.4382132911368,9.571232765433724,3.1509713015229943,6
34.135332219071046,97.16897104295516,20.15729628506304,6
21.61120550821711,66.45123401493824,14.0982761937865,3
48.4960250243615,3.356517704642692,24.282206421003803,2
71.66653704645289,79.41992206529987,13.73024125722919,5
28.669202545707538,50.854280927748555,12.444320253445225,4
75.77165208126542,7.519957207847561,8.965562522242118,6
62.97877747249184,68.07520980477912,5.982836188210734,4
78.75625625397042,49.93518058684685,24.913108339453938,4
25.09096288749123,20.491980111092325,2.8563411284029905,1
63.102814473304534,87.77022720888196,27.063831700549375,4
15.373527948884192,29.137985830025414,0.8072745371205148,3
36.37969821646367,28.45566354533078,15.667570056966255,2
72.43600948428013,27.277358179227875,1.7498568645325285,5
63.166838557993586,76.74557770890512,23.38821363928899,3
18.786072533752197,70.6118670380532,6.3448957217734,2
85.83426720925291,90.31456854703575,16.977677287096064,6
5.335098234518187,22.933921958427973,27.493383077728332,6
59.52156885166495,78.63645955428083,19.477768068372786,3
98.38205002316063,57.30455765280959,5.349598949217463,2
53.15047318427486,30.867960965266782,23.90033306264702,1
80.06718199594206,3.545413240775064,13.244388204250479,4
59.518097318910215,81.894754985111,0.3953021502827003,4
78.30883149229926,24.107137151335635,14.602949103235051,4
65.55941353552872,63.174303621491944,24.37454031790021,5
69.11320145375286,54.886793605981254,12.898728925008392,3
22.781115108638406,0.44495386467838793,22.752841514399773,5
74.18209135729177,99.43436299397625,21.16577653603216,4
23.790988666433076,81.43293558001288,13.707369520148543,5
98.06402751425881,48.64712706366821,9.698477550763421,5
22.77871909612047,68.0341370242383,21.796200046864687,1
23.668400359765627,47.65942365907726,11.067552532150962,4
85.86731204838641,74.45862712787307,5.10261320185955,6
24.298586196281914,13.432854581889409,9.625891845839382,4
36.090279349128295,44.635099523403035,26.305175787841446,4
71.4640161179027,33.553717707286005,8.501673364121569,4
15.874858019476324,45.96552434940349,7.048816045342083,4
15.907175482750224,45.04726528603642,4.0026021219168655,3
48.635842326661894,14.309394977919432,1.6553353370317203,6
24.369675423272685,97.6488570709029,29.300770625988946,1
23.565795556903357,1.549214278812805,16.103304817818316,5
0.923892141851268,1.0072944817398843,21.889333818620926,1
37.0449591197948,37.34413185336578,23.189203406061154,2
31.825055461840325,62.03763493468175,10.569509841614176,4
3.1155810826670405,17.96532268149282,23.967177304836632,4
62.123317821366356,53.31940039041611,28.844527332601462,6
62.6655182003354,72.27719679634788,22.252855507216026,2
7.0800471773658895,9.406060904015112,21.35199379988337,1
31.704156290945306,98.44224080159334,12.967013597460602,2
87.28055319953978,33.67006477392943,25.239603774263845,4
58.216706824457845,64.2415413787249,2.66512125370049,3
41.19747240119879,11.07198581865757,22.490511367258456,2
46.510192846409595,70.94863887213265,10.859806264285716,6
20.827999443580513,84.04563470624859,16.97921747393374,4
81.1881500707928,10.528514233062236,26.788913096910814,5
91.40047054509675,12.586315437006624,18.150586798634258,5
91.06640422500436,28.10474143872277,0.767445910873984,3
22.393439169229968,1.1935815375329284,21.678145365692888,5
31.07402677764569,98.60512943372298,27.87073518610918,6
16.06227748095368,59.83840749526497,19.26035835931678,5
30.720113363231317,60.75894499635454,25.84260232378721,2
33.28053721226003,95.8962169651636,24.75887266025803,5
63.31057370646354,83.2029254319427,25.838768489518873,2
18.964638154812462,81.42429309683494,10.323012080768244,1
91.93969243677435,33.950236990162566,14.224905813260435,3
10.309947008530996,33.48633934646455,25.441005150891947,4
0.6878011034333054,29.173795981264682,27.311957247943653,3
85.49451286305332,34.66957617763199,4.4052449777923925,2
70.37698077660497,36.950876135985055,5.445971387744518,2
35.535987035599845,14.000368898059335,10.40488800164803,6
59.5499705910118,35.594786270209354,23.10893484538074,2
22.354410083923337,44.67470352447276,26.249434717736843,5
16.838964864537598,30.934733874665852,17.40720424210036,2
47.11491351387228,16.534696815754778,3.3980452617969292,1
35.31878297209609,37.34103981784976,9.11244689901498,1
61.52300505352921,48.090777321643586,25.710690194328947,2
